{"stats":{"minecraft:crafted":{"minecraft:oak_planks":8,"minecraft:cooked_porkchop":1,"minecraft:crafting_table":1,"minecraft:stick":8,"minecraft:wooden_pickaxe":1,"minecraft:stone_pickaxe":1,"minecraft:wooden_axe":2,"minecraft:furnace":1,"minecraft:acacia_planks":20,"minecraft:air":0,"minecraft:cooked_mutton":5},"minecraft:killed":{"minecraft:sheep":11,"minecraft:zombie":1,"minecraft:pig":4,"minecraft:chicken":3,"minecraft:spider":1,"minecraft:cow":1},"minecraft:mined":{"minecraft:crafting_table":2,"minecraft:grass":19,"minecraft:grass_block":1,"minecraft:acacia_log":5,"minecraft:oak_log":2,"minecraft:dirt":3,"minecraft:tall_grass":1,"minecraft:stone":14,"minecraft:white_wool":4},"minecraft:broken":{"minecraft:wooden_axe":1},"minecraft:picked_up":{"minecraft:crafting_table":2,"minecraft:feather":2,"minecraft:chicken":3,"minecraft:leather":2,"minecraft:acacia_log":12,"minecraft:porkchop":8,"minecraft:oak_log":2,"minecraft:dirt":6,"minecraft:string":2,"minecraft:rotten_flesh":1,"minecraft:beef":2,"minecraft:light_gray_wool":2,"minecraft:mutton":16,"minecraft:white_wool":13,"minecraft:cobblestone":13},"minecraft:custom":{"minecraft:time_since_rest":12157,"minecraft:interact_with_furnace":10,"minecraft:sprint_one_cm":26963,"minecraft:damage_taken":60,"minecraft:walk_one_cm":20239,"minecraft:mob_kills":21,"minecraft:damage_dealt":1902,"minecraft:swim_one_cm":1247,"minecraft:interact_with_crafting_table":5,"minecraft:fly_one_cm":49914,"minecraft:crouch_one_cm":1258,"minecraft:play_time":12157,"minecraft:sneak_time":738,"minecraft:walk_under_water_one_cm":1391,"minecraft:jump":242,"minecraft:leave_game":2,"minecraft:walk_on_water_one_cm":924,"minecraft:time_since_death":12157,"minecraft:total_world_time":12157,"minecraft:fall_one_cm":4505},"minecraft:used":{"minecraft:cooked_mutton":1,"minecraft:wooden_axe":62,"minecraft:oak_planks":1,"minecraft:wooden_pickaxe":15,"minecraft:white_wool":4,"minecraft:dirt":4,"minecraft:crafting_table":2,"minecraft:cooked_porkchop":1,"minecraft:furnace":1}},"DataVersion":3465}