{"stats":{"minecraft:crafted":{"minecraft:cooked_beef":6,"minecraft:oak_planks":8,"minecraft:cooked_porkchop":8,"minecraft:crafting_table":3,"minecraft:wooden_pickaxe":2,"minecraft:cooked_chicken":3,"minecraft:furnace":2,"minecraft:stone_axe":2,"minecraft:cooked_mutton":14,"minecraft:air":0,"minecraft:stick":20,"minecraft:stone_pickaxe":2,"minecraft:wooden_axe":4,"minecraft:acacia_planks":108,"minecraft:torch":8},"minecraft:killed":{"minecraft:pig":14,"minecraft:spider":2,"minecraft:sheep":21,"minecraft:zombie":2,"minecraft:chicken":4,"minecraft:cow":11},"minecraft:killed_by":{"minecraft:creeper":1},"minecraft:dropped":{"minecraft:feather":2,"minecraft:rotten_flesh":2,"minecraft:leather":2,"minecraft:dirt":5,"minecraft:wooden_axe":1,"minecraft:oak_sapling":3,"minecraft:stone_pickaxe":1,"minecraft:string":2},"minecraft:mined":{"minecraft:acacia_leaves":1,"minecraft:crafting_table":6,"minecraft:acacia_log":38,"minecraft:grass_block":6,"minecraft:tall_grass":11,"minecraft:cobblestone":2,"minecraft:furnace":2,"minecraft:grass":53,"minecraft:oak_log":2,"minecraft:coal_ore":30,"minecraft:dirt":17,"minecraft:stone":60,"minecraft:white_wool":4},"minecraft:broken":{"minecraft:wooden_axe":3},"minecraft:picked_up":{"minecraft:crafting_table":6,"minecraft:feather":2,"minecraft:chicken":4,"minecraft:leather":16,"minecraft:oak_log":2,"minecraft:string":2,"minecraft:dirt":24,"minecraft:acacia_planks":4,"minecraft:wheat_seeds":2,"minecraft:stone_pickaxe":1,"minecraft:beef":26,"minecraft:light_gray_wool":2,"minecraft:furnace":2,"minecraft:stick":4,"minecraft:cooked_porkchop":1,"minecraft:acacia_log":45,"minecraft:porkchop":33,"minecraft:rotten_flesh":4,"minecraft:gray_wool":1,"minecraft:oak_sapling":3,"minecraft:mutton":30,"minecraft:coal":29,"minecraft:white_wool":22,"minecraft:cobblestone":60},"minecraft:custom":{"minecraft:interact_with_furnace":25,"minecraft:mob_kills":54,"minecraft:interact_with_crafting_table":13,"minecraft:leave_game":3,"minecraft:time_since_death":9259,"minecraft:time_since_rest":9295,"minecraft:sprint_one_cm":72922,"minecraft:damage_taken":895,"minecraft:walk_one_cm":57090,"minecraft:drop":9,"minecraft:damage_dealt":5382,"minecraft:swim_one_cm":1247,"minecraft:fly_one_cm":136632,"minecraft:crouch_one_cm":4668,"minecraft:play_time":35236,"minecraft:deaths":1,"minecraft:sneak_time":2253,"minecraft:walk_under_water_one_cm":1391,"minecraft:jump":728,"minecraft:walk_on_water_one_cm":924,"minecraft:total_world_time":35236,"minecraft:fall_one_cm":17136},"minecraft:used":{"minecraft:cooked_mutton":2,"minecraft:stone_pickaxe":67,"minecraft:oak_planks":1,"minecraft:wooden_pickaxe":33,"minecraft:cooked_chicken":3,"minecraft:white_wool":4,"minecraft:dirt":7,"minecraft:crafting_table":8,"minecraft:wooden_axe":184,"minecraft:stone_axe":17,"minecraft:cobblestone":2,"minecraft:furnace":3,"minecraft:cooked_porkchop":3,"minecraft:cooked_beef":2}},"DataVersion":3465}