{"stats":{"minecraft:crafted":{"minecraft:cooked_beef":24,"minecraft:oak_planks":144,"minecraft:cooked_porkchop":28,"minecraft:crafting_table":4,"minecraft:iron_helmet":1,"minecraft:cooked_chicken":3,"minecraft:wooden_pickaxe":2,"minecraft:furnace":4,"minecraft:stone_axe":2,"minecraft:cooked_mutton":28,"minecraft:air":0,"minecraft:iron_boots":1,"minecraft:iron_chestplate":1,"minecraft:iron_axe":1,"minecraft:stick":28,"minecraft:iron_ingot":30,"minecraft:stone_pickaxe":2,"minecraft:iron_pickaxe":1,"minecraft:wooden_axe":4,"minecraft:chest":2,"minecraft:iron_leggings":1,"minecraft:white_bed":1,"minecraft:acacia_planks":108,"minecraft:torch":16},"minecraft:killed":{"minecraft:pig":16,"minecraft:spider":2,"minecraft:skeleton":2,"minecraft:sheep":25,"minecraft:zombie":3,"minecraft:chicken":4,"minecraft:cow":17},"minecraft:killed_by":{"minecraft:creeper":1},"minecraft:dropped":{"minecraft:stone_axe":1,"minecraft:porkchop":3,"minecraft:wheat_seeds":3,"minecraft:oak_log":13,"minecraft:mossy_cobblestone":1,"minecraft:feather":2,"minecraft:rotten_flesh":2,"minecraft:leather":2,"minecraft:cooked_mutton":10,"minecraft:cobblestone_stairs":2,"minecraft:dirt":5,"minecraft:wooden_axe":1,"minecraft:oak_sapling":3,"minecraft:stone_pickaxe":1,"minecraft:wooden_pickaxe":1,"minecraft:string":2,"minecraft:acacia_planks":1},"minecraft:mined":{"minecraft:acacia_leaves":1,"minecraft:white_bed":2,"minecraft:glass_pane":1,"minecraft:mossy_cobblestone":1,"minecraft:cobblestone_stairs":3,"minecraft:crafting_table":9,"minecraft:torch":1,"minecraft:granite":22,"minecraft:acacia_log":38,"minecraft:grass_block":8,"minecraft:melon":15,"minecraft:chest":2,"minecraft:dead_bush":1,"minecraft:tall_grass":11,"minecraft:cobblestone":9,"minecraft:sugar_cane":2,"minecraft:diorite":2,"minecraft:furnace":5,"minecraft:birch_log":19,"minecraft:iron_ore":41,"minecraft:birch_leaves":1,"minecraft:andesite":13,"minecraft:yellow_bed":1,"minecraft:grass":63,"minecraft:coal_ore":69,"minecraft:oak_log":51,"minecraft:water_cauldron":3,"minecraft:gravel":10,"minecraft:dirt":17,"minecraft:bamboo":2,"minecraft:stone":168,"minecraft:white_wool":4,"minecraft:oak_leaves":2,"minecraft:fern":5},"minecraft:broken":{"minecraft:stone_pickaxe":1,"minecraft:wooden_axe":3},"minecraft:picked_up":{"minecraft:birch_log":19,"minecraft:crafting_table":9,"minecraft:feather":2,"minecraft:chicken":4,"minecraft:andesite":13,"minecraft:leather":24,"minecraft:oak_log":49,"minecraft:cobblestone_stairs":2,"minecraft:dirt":26,"minecraft:string":2,"minecraft:bone":8,"minecraft:acacia_planks":4,"minecraft:apple":1,"minecraft:wheat_seeds":3,"minecraft:beef":38,"minecraft:stone_pickaxe":1,"minecraft:light_gray_wool":2,"minecraft:bamboo":23,"minecraft:melon_slice":66,"minecraft:sugar_cane":6,"minecraft:chest":2,"minecraft:furnace":5,"minecraft:stick":5,"minecraft:raw_iron":52,"minecraft:cooked_porkchop":1,"minecraft:torch":3,"minecraft:acacia_log":45,"minecraft:gravel":17,"minecraft:porkchop":36,"minecraft:diorite":2,"minecraft:white_bed":2,"minecraft:cauldron":3,"minecraft:mossy_cobblestone":1,"minecraft:arrow":2,"minecraft:rotten_flesh":5,"minecraft:granite":22,"minecraft:gray_wool":1,"minecraft:oak_sapling":3,"minecraft:black_wool":2,"minecraft:mutton":35,"minecraft:coal":78,"minecraft:white_wool":24,"minecraft:cobblestone":173},"minecraft:custom":{"minecraft:interact_with_furnace":48,"minecraft:mob_kills":69,"minecraft:interact_with_crafting_table":24,"minecraft:leave_game":20,"minecraft:time_since_death":61031,"minecraft:sleep_in_bed":2,"minecraft:climb_one_cm":725,"minecraft:time_since_rest":2384,"minecraft:sprint_one_cm":204096,"minecraft:damage_taken":1099,"minecraft:walk_one_cm":131637,"minecraft:drop":18,"minecraft:damage_dealt":7017,"minecraft:swim_one_cm":13033,"minecraft:fly_one_cm":366202,"minecraft:open_chest":12,"minecraft:crouch_one_cm":12137,"minecraft:play_time":87008,"minecraft:sneak_time":5753,"minecraft:deaths":1,"minecraft:walk_under_water_one_cm":1615,"minecraft:jump":1870,"minecraft:walk_on_water_one_cm":3410,"minecraft:total_world_time":87008,"minecraft:fall_one_cm":45142},"minecraft:used":{"minecraft:cooked_mutton":6,"minecraft:stone_pickaxe":163,"minecraft:oak_planks":38,"minecraft:chest":4,"minecraft:wooden_pickaxe":33,"minecraft:cooked_chicken":3,"minecraft:white_wool":4,"minecraft:torch":15,"minecraft:dirt":21,"minecraft:crafting_table":11,"minecraft:white_bed":3,"minecraft:wooden_axe":184,"minecraft:iron_axe":126,"minecraft:iron_pickaxe":154,"minecraft:stone_axe":18,"minecraft:cobblestone":20,"minecraft:furnace":5,"minecraft:cooked_porkchop":4,"minecraft:cooked_beef":4}},"DataVersion":3465}