{"stats":{"minecraft:crafted":{"minecraft:cooked_beef":24,"minecraft:oak_planks":8,"minecraft:cooked_porkchop":28,"minecraft:crafting_table":4,"minecraft:iron_helmet":1,"minecraft:wooden_pickaxe":2,"minecraft:cooked_chicken":3,"minecraft:furnace":4,"minecraft:stone_axe":2,"minecraft:cooked_mutton":28,"minecraft:air":0,"minecraft:iron_boots":1,"minecraft:iron_chestplate":1,"minecraft:iron_axe":1,"minecraft:stick":28,"minecraft:iron_ingot":30,"minecraft:iron_pickaxe":1,"minecraft:stone_pickaxe":2,"minecraft:wooden_axe":4,"minecraft:iron_leggings":1,"minecraft:white_bed":1,"minecraft:acacia_planks":108,"minecraft:torch":16},"minecraft:killed":{"minecraft:pig":14,"minecraft:spider":2,"minecraft:skeleton":2,"minecraft:sheep":25,"minecraft:zombie":2,"minecraft:chicken":4,"minecraft:cow":13},"minecraft:killed_by":{"minecraft:creeper":1},"minecraft:dropped":{"minecraft:feather":2,"minecraft:rotten_flesh":2,"minecraft:leather":2,"minecraft:dirt":5,"minecraft:wooden_axe":1,"minecraft:oak_sapling":3,"minecraft:stone_pickaxe":1,"minecraft:string":2},"minecraft:mined":{"minecraft:acacia_leaves":1,"minecraft:white_bed":1,"minecraft:crafting_table":8,"minecraft:torch":1,"minecraft:granite":22,"minecraft:acacia_log":38,"minecraft:grass_block":8,"minecraft:dead_bush":1,"minecraft:tall_grass":11,"minecraft:cobblestone":2,"minecraft:diorite":2,"minecraft:furnace":5,"minecraft:iron_ore":41,"minecraft:andesite":13,"minecraft:grass":56,"minecraft:oak_log":19,"minecraft:coal_ore":69,"minecraft:gravel":10,"minecraft:dirt":17,"minecraft:stone":168,"minecraft:white_wool":4,"minecraft:oak_leaves":1},"minecraft:broken":{"minecraft:stone_pickaxe":1,"minecraft:wooden_axe":3},"minecraft:picked_up":{"minecraft:crafting_table":8,"minecraft:feather":2,"minecraft:chicken":4,"minecraft:andesite":13,"minecraft:leather":20,"minecraft:oak_log":17,"minecraft:dirt":26,"minecraft:string":2,"minecraft:bone":2,"minecraft:acacia_planks":4,"minecraft:apple":1,"minecraft:wheat_seeds":3,"minecraft:stone_pickaxe":1,"minecraft:beef":29,"minecraft:light_gray_wool":2,"minecraft:furnace":5,"minecraft:stick":5,"minecraft:raw_iron":52,"minecraft:cooked_porkchop":1,"minecraft:torch":2,"minecraft:acacia_log":45,"minecraft:gravel":17,"minecraft:porkchop":33,"minecraft:diorite":2,"minecraft:white_bed":1,"minecraft:arrow":1,"minecraft:rotten_flesh":4,"minecraft:granite":22,"minecraft:gray_wool":1,"minecraft:oak_sapling":3,"minecraft:black_wool":2,"minecraft:mutton":35,"minecraft:coal":78,"minecraft:white_wool":24,"minecraft:cobblestone":169},"minecraft:custom":{"minecraft:interact_with_furnace":48,"minecraft:mob_kills":62,"minecraft:interact_with_crafting_table":21,"minecraft:leave_game":7,"minecraft:time_since_death":30554,"minecraft:sleep_in_bed":1,"minecraft:time_since_rest":2297,"minecraft:sprint_one_cm":121094,"minecraft:damage_taken":1029,"minecraft:walk_one_cm":94555,"minecraft:drop":9,"minecraft:damage_dealt":6302,"minecraft:swim_one_cm":4480,"minecraft:fly_one_cm":204913,"minecraft:crouch_one_cm":10179,"minecraft:play_time":56531,"minecraft:deaths":1,"minecraft:sneak_time":4936,"minecraft:walk_under_water_one_cm":1509,"minecraft:jump":1202,"minecraft:walk_on_water_one_cm":1173,"minecraft:total_world_time":56531,"minecraft:fall_one_cm":22212},"minecraft:used":{"minecraft:cooked_mutton":5,"minecraft:stone_pickaxe":163,"minecraft:oak_planks":1,"minecraft:wooden_pickaxe":33,"minecraft:cooked_chicken":3,"minecraft:white_wool":4,"minecraft:torch":11,"minecraft:dirt":19,"minecraft:crafting_table":10,"minecraft:white_bed":1,"minecraft:wooden_axe":184,"minecraft:iron_axe":37,"minecraft:iron_pickaxe":138,"minecraft:stone_axe":18,"minecraft:cobblestone":7,"minecraft:furnace":5,"minecraft:cooked_porkchop":3,"minecraft:cooked_beef":2}},"DataVersion":3465}