{"stats":{"minecraft:crafted":{"minecraft:oak_planks":144,"minecraft:cooked_chicken":3,"minecraft:furnace":4,"minecraft:bone_meal":12,"minecraft:cooked_mutton":33,"minecraft:iron_boots":1,"minecraft:iron_axe":1,"minecraft:ladder":3,"minecraft:stone_pickaxe":2,"minecraft:chest":2,"minecraft:cooked_beef":36,"minecraft:cooked_porkchop":45,"minecraft:crafting_table":6,"minecraft:wooden_pickaxe":2,"minecraft:iron_helmet":1,"minecraft:bucket":1,"minecraft:stone_axe":2,"minecraft:air":0,"minecraft:iron_chestplate":1,"minecraft:shield":1,"minecraft:stick":40,"minecraft:iron_ingot":44,"minecraft:iron_pickaxe":1,"minecraft:wooden_axe":4,"minecraft:iron_leggings":1,"minecraft:white_bed":1,"minecraft:acacia_planks":108,"minecraft:torch":16},"minecraft:killed":{"minecraft:spider":2,"minecraft:skeleton":2,"minecraft:chicken":4,"minecraft:pig":16,"minecraft:sheep":25,"minecraft:zombie":7,"minecraft:enderman":3,"minecraft:cow":17},"minecraft:killed_by":{"minecraft:creeper":1,"minecraft:iron_golem":2},"minecraft:dropped":{"minecraft:porkchop":3,"minecraft:wheat_seeds":4,"minecraft:oak_log":13,"minecraft:mossy_cobblestone":1,"minecraft:feather":2,"minecraft:leather":2,"minecraft:grass_block":4,"minecraft:cobblestone_stairs":2,"minecraft:dirt":13,"minecraft:wooden_axe":1,"minecraft:string":2,"minecraft:pink_petals":2,"minecraft:acacia_planks":1,"minecraft:stone_axe":1,"minecraft:cherry_stairs":1,"minecraft:cherry_sapling":1,"minecraft:rotten_flesh":2,"minecraft:cooked_mutton":10,"minecraft:oak_sapling":3,"minecraft:wooden_pickaxe":1,"minecraft:stone_pickaxe":1},"minecraft:mined":{"minecraft:white_bed":2,"minecraft:mossy_cobblestone":1,"minecraft:cobblestone_stairs":3,"minecraft:granite":22,"minecraft:ladder":3,"minecraft:acacia_log":38,"minecraft:grass_block":8,"minecraft:furnace":6,"minecraft:iron_ore":41,"minecraft:andesite":13,"minecraft:water_cauldron":3,"minecraft:bamboo":4,"minecraft:stone":168,"minecraft:white_wool":4,"minecraft:acacia_leaves":1,"minecraft:glass_pane":1,"minecraft:crafting_table":9,"minecraft:torch":1,"minecraft:melon":15,"minecraft:chest":2,"minecraft:dead_bush":1,"minecraft:tall_grass":12,"minecraft:cobblestone":9,"minecraft:sugar_cane":2,"minecraft:oak_planks":4,"minecraft:diorite":2,"minecraft:pink_petals":157,"minecraft:birch_log":19,"minecraft:birch_leaves":1,"minecraft:yellow_bed":1,"minecraft:grass":105,"minecraft:oak_log":51,"minecraft:coal_ore":69,"minecraft:gravel":10,"minecraft:dirt":18,"minecraft:oak_leaves":2,"minecraft:fern":5},"minecraft:broken":{"minecraft:stone_pickaxe":1,"minecraft:wooden_axe":3},"minecraft:picked_up":{"minecraft:iron_chestplate":2,"minecraft:crafting_table":9,"minecraft:chicken":4,"minecraft:ladder":3,"minecraft:shield":2,"minecraft:string":2,"minecraft:iron_axe":2,"minecraft:iron_leggings":2,"minecraft:beef":38,"minecraft:light_gray_wool":2,"minecraft:melon_slice":66,"minecraft:sugar_cane":6,"minecraft:chest":2,"minecraft:egg":1,"minecraft:iron_boots":2,"minecraft:furnace":6,"minecraft:raw_iron":52,"minecraft:stick":7,"minecraft:cherry_stairs":1,"minecraft:torch":3,"minecraft:acacia_log":45,"minecraft:porkchop":36,"minecraft:diorite":2,"minecraft:cauldron":3,"minecraft:arrow":4,"minecraft:rotten_flesh":9,"minecraft:mutton":35,"minecraft:white_wool":24,"minecraft:cobblestone":173,"minecraft:birch_log":19,"minecraft:pink_petals":411,"minecraft:feather":2,"minecraft:cooked_beef":41,"minecraft:andesite":13,"minecraft:leather":24,"minecraft:oak_log":49,"minecraft:cobblestone_stairs":2,"minecraft:dirt":43,"minecraft:bone":8,"minecraft:acacia_planks":4,"minecraft:apple":1,"minecraft:wheat_seeds":8,"minecraft:stone_pickaxe":1,"minecraft:bamboo":44,"minecraft:oak_planks":100,"minecraft:cooked_porkchop":1,"minecraft:lava_bucket":2,"minecraft:gravel":17,"minecraft:white_bed":2,"minecraft:grass_block":4,"minecraft:mossy_cobblestone":1,"minecraft:iron_helmet":2,"minecraft:granite":22,"minecraft:cherry_sapling":11,"minecraft:bone_meal":8,"minecraft:gray_wool":1,"minecraft:oak_sapling":3,"minecraft:coal":78,"minecraft:black_wool":2,"minecraft:ender_pearl":2},"minecraft:custom":{"minecraft:mob_kills":76,"minecraft:inspect_hopper":9,"minecraft:open_barrel":6,"minecraft:interact_with_crafting_table":31,"minecraft:bell_ring":24,"minecraft:leave_game":21,"minecraft:time_since_death":11311,"minecraft:climb_one_cm":2542,"minecraft:sprint_one_cm":330311,"minecraft:walk_one_cm":221703,"minecraft:damage_blocked_by_shield":1351,"minecraft:drop":27,"minecraft:play_time":119321,"minecraft:deaths":3,"minecraft:sneak_time":6875,"minecraft:walk_under_water_one_cm":1615,"minecraft:jump":2893,"minecraft:walk_on_water_one_cm":3561,"minecraft:total_world_time":119321,"minecraft:interact_with_furnace":61,"minecraft:sleep_in_bed":2,"minecraft:time_since_rest":11335,"minecraft:damage_taken":2925,"minecraft:damage_dealt":9253,"minecraft:swim_one_cm":13033,"minecraft:fly_one_cm":578568,"minecraft:open_chest":54,"minecraft:crouch_one_cm":15734,"minecraft:fall_one_cm":75193},"minecraft:used":{"minecraft:ladder":6,"minecraft:chest":4,"minecraft:shield":12,"minecraft:bell":2,"minecraft:cooked_chicken":3,"minecraft:iron_chestplate":2,"minecraft:torch":15,"minecraft:dirt":29,"minecraft:wooden_axe":184,"minecraft:lava_bucket":15,"minecraft:iron_axe":170,"minecraft:iron_helmet":2,"minecraft:iron_boots":2,"minecraft:bamboo":43,"minecraft:furnace":9,"minecraft:egg":1,"minecraft:cooked_beef":20,"minecraft:iron_leggings":2,"minecraft:wheat_seeds":2,"minecraft:cooked_mutton":7,"minecraft:stone_pickaxe":163,"minecraft:oak_planks":42,"minecraft:wooden_pickaxe":33,"minecraft:white_wool":4,"minecraft:crafting_table":14,"minecraft:white_bed":3,"minecraft:iron_pickaxe":155,"minecraft:stone_axe":18,"minecraft:cobblestone":20,"minecraft:cooked_porkchop":4,"minecraft:bucket":16,"minecraft:bone_meal":23}},"DataVersion":3465}