{"stats":{"minecraft:crafted":{"minecraft:oak_planks":8,"minecraft:cooked_porkchop":8,"minecraft:crafting_table":1,"minecraft:stick":8,"minecraft:cooked_chicken":3,"minecraft:wooden_pickaxe":1,"minecraft:stone_pickaxe":1,"minecraft:wooden_axe":2,"minecraft:furnace":1,"minecraft:acacia_planks":72,"minecraft:stone_axe":1,"minecraft:cooked_mutton":14,"minecraft:air":0},"minecraft:killed":{"minecraft:sheep":11,"minecraft:zombie":2,"minecraft:pig":4,"minecraft:chicken":3,"minecraft:spider":1,"minecraft:cow":1},"minecraft:dropped":{"minecraft:feather":2,"minecraft:rotten_flesh":2},"minecraft:mined":{"minecraft:acacia_leaves":1,"minecraft:furnace":2,"minecraft:crafting_table":3,"minecraft:coal_ore":12,"minecraft:grass":20,"minecraft:acacia_log":24,"minecraft:grass_block":3,"minecraft:oak_log":2,"minecraft:dirt":5,"minecraft:tall_grass":2,"minecraft:cobblestone":2,"minecraft:stone":24,"minecraft:white_wool":4},"minecraft:broken":{"minecraft:wooden_axe":1},"minecraft:picked_up":{"minecraft:stick":4,"minecraft:crafting_table":3,"minecraft:feather":2,"minecraft:chicken":3,"minecraft:cooked_porkchop":1,"minecraft:leather":2,"minecraft:acacia_log":31,"minecraft:porkchop":13,"minecraft:oak_log":2,"minecraft:dirt":9,"minecraft:string":2,"minecraft:acacia_planks":4,"minecraft:rotten_flesh":4,"minecraft:beef":2,"minecraft:light_gray_wool":2,"minecraft:oak_sapling":3,"minecraft:coal":11,"minecraft:mutton":16,"minecraft:white_wool":13,"minecraft:cobblestone":25,"minecraft:furnace":2},"minecraft:custom":{"minecraft:time_since_rest":23236,"minecraft:interact_with_furnace":23,"minecraft:sprint_one_cm":39458,"minecraft:damage_taken":215,"minecraft:walk_one_cm":30999,"minecraft:mob_kills":22,"minecraft:drop":3,"minecraft:damage_dealt":2047,"minecraft:swim_one_cm":1247,"minecraft:interact_with_crafting_table":6,"minecraft:fly_one_cm":65667,"minecraft:crouch_one_cm":2696,"minecraft:play_time":23236,"minecraft:sneak_time":1457,"minecraft:walk_under_water_one_cm":1391,"minecraft:jump":364,"minecraft:leave_game":3,"minecraft:time_since_death":23236,"minecraft:walk_on_water_one_cm":924,"minecraft:total_world_time":23236,"minecraft:fall_one_cm":7131},"minecraft:used":{"minecraft:cooked_mutton":1,"minecraft:wooden_axe":88,"minecraft:stone_pickaxe":31,"minecraft:oak_planks":1,"minecraft:wooden_pickaxe":15,"minecraft:stone_axe":1,"minecraft:cooked_chicken":2,"minecraft:white_wool":4,"minecraft:dirt":4,"minecraft:cobblestone":2,"minecraft:crafting_table":3,"minecraft:furnace":2,"minecraft:cooked_porkchop":1}},"DataVersion":3465}