{"stats":{"minecraft:crafted":{"minecraft:cooked_beef":24,"minecraft:oak_planks":8,"minecraft:cooked_porkchop":28,"minecraft:crafting_table":3,"minecraft:wooden_pickaxe":2,"minecraft:cooked_chicken":3,"minecraft:furnace":4,"minecraft:stone_axe":2,"minecraft:cooked_mutton":28,"minecraft:air":0,"minecraft:stick":24,"minecraft:iron_ingot":9,"minecraft:iron_pickaxe":1,"minecraft:stone_pickaxe":2,"minecraft:wooden_axe":4,"minecraft:acacia_planks":108,"minecraft:torch":16},"minecraft:killed":{"minecraft:pig":14,"minecraft:spider":2,"minecraft:sheep":21,"minecraft:zombie":2,"minecraft:chicken":4,"minecraft:cow":11},"minecraft:killed_by":{"minecraft:creeper":1},"minecraft:dropped":{"minecraft:feather":2,"minecraft:rotten_flesh":2,"minecraft:leather":2,"minecraft:dirt":5,"minecraft:wooden_axe":1,"minecraft:oak_sapling":3,"minecraft:stone_pickaxe":1,"minecraft:string":2},"minecraft:mined":{"minecraft:acacia_leaves":1,"minecraft:crafting_table":6,"minecraft:torch":1,"minecraft:granite":22,"minecraft:acacia_log":38,"minecraft:grass_block":6,"minecraft:tall_grass":11,"minecraft:cobblestone":2,"minecraft:diorite":2,"minecraft:furnace":2,"minecraft:iron_ore":41,"minecraft:andesite":13,"minecraft:grass":53,"minecraft:oak_log":2,"minecraft:coal_ore":69,"minecraft:gravel":10,"minecraft:dirt":17,"minecraft:stone":168,"minecraft:white_wool":4},"minecraft:broken":{"minecraft:stone_pickaxe":1,"minecraft:wooden_axe":3},"minecraft:picked_up":{"minecraft:crafting_table":6,"minecraft:feather":2,"minecraft:chicken":4,"minecraft:andesite":13,"minecraft:leather":16,"minecraft:oak_log":2,"minecraft:dirt":24,"minecraft:string":2,"minecraft:acacia_planks":4,"minecraft:wheat_seeds":2,"minecraft:stone_pickaxe":1,"minecraft:beef":26,"minecraft:light_gray_wool":2,"minecraft:furnace":2,"minecraft:stick":4,"minecraft:raw_iron":41,"minecraft:cooked_porkchop":1,"minecraft:torch":2,"minecraft:acacia_log":45,"minecraft:gravel":17,"minecraft:porkchop":33,"minecraft:diorite":2,"minecraft:rotten_flesh":4,"minecraft:granite":22,"minecraft:gray_wool":1,"minecraft:oak_sapling":3,"minecraft:mutton":30,"minecraft:coal":67,"minecraft:white_wool":22,"minecraft:cobblestone":169},"minecraft:custom":{"minecraft:interact_with_furnace":42,"minecraft:mob_kills":54,"minecraft:interact_with_crafting_table":17,"minecraft:leave_game":4,"minecraft:time_since_death":21155,"minecraft:time_since_rest":21191,"minecraft:sprint_one_cm":91219,"minecraft:damage_taken":895,"minecraft:walk_one_cm":84582,"minecraft:drop":9,"minecraft:damage_dealt":5382,"minecraft:swim_one_cm":1247,"minecraft:fly_one_cm":138913,"minecraft:crouch_one_cm":8807,"minecraft:play_time":47132,"minecraft:deaths":1,"minecraft:sneak_time":4634,"minecraft:walk_under_water_one_cm":1391,"minecraft:jump":899,"minecraft:walk_on_water_one_cm":924,"minecraft:total_world_time":47132,"minecraft:fall_one_cm":17136},"minecraft:used":{"minecraft:cooked_mutton":2,"minecraft:stone_pickaxe":163,"minecraft:oak_planks":1,"minecraft:wooden_pickaxe":33,"minecraft:cooked_chicken":3,"minecraft:white_wool":4,"minecraft:torch":11,"minecraft:dirt":7,"minecraft:crafting_table":8,"minecraft:wooden_axe":184,"minecraft:iron_pickaxe":135,"minecraft:stone_axe":17,"minecraft:cobblestone":6,"minecraft:furnace":5,"minecraft:cooked_porkchop":3,"minecraft:cooked_beef":2}},"DataVersion":3465}