{"stats":{"minecraft:crafted":{"minecraft:cooked_beef":24,"minecraft:oak_planks":8,"minecraft:cooked_porkchop":28,"minecraft:crafting_table":4,"minecraft:iron_helmet":1,"minecraft:wooden_pickaxe":2,"minecraft:cooked_chicken":3,"minecraft:furnace":4,"minecraft:stone_axe":2,"minecraft:cooked_mutton":28,"minecraft:air":0,"minecraft:iron_boots":1,"minecraft:iron_chestplate":1,"minecraft:iron_axe":1,"minecraft:stick":28,"minecraft:iron_ingot":30,"minecraft:iron_pickaxe":1,"minecraft:stone_pickaxe":2,"minecraft:wooden_axe":4,"minecraft:iron_leggings":1,"minecraft:white_bed":1,"minecraft:acacia_planks":108,"minecraft:torch":16},"minecraft:killed":{"minecraft:pig":16,"minecraft:spider":2,"minecraft:skeleton":2,"minecraft:sheep":25,"minecraft:zombie":3,"minecraft:chicken":4,"minecraft:cow":17},"minecraft:killed_by":{"minecraft:creeper":1},"minecraft:mined":{"minecraft:acacia_leaves":1,"minecraft:white_bed":1,"minecraft:crafting_table":8,"minecraft:torch":1,"minecraft:granite":22,"minecraft:acacia_log":38,"minecraft:grass_block":8,"minecraft:melon":15,"minecraft:dead_bush":1,"minecraft:tall_grass":11,"minecraft:cobblestone":2,"minecraft:sugar_cane":2,"minecraft:diorite":2,"minecraft:furnace":5,"minecraft:birch_log":19,"minecraft:iron_ore":41,"minecraft:birch_leaves":1,"minecraft:andesite":13,"minecraft:grass":58,"minecraft:oak_log":29,"minecraft:coal_ore":69,"minecraft:water_cauldron":3,"minecraft:gravel":10,"minecraft:dirt":17,"minecraft:bamboo":2,"minecraft:stone":168,"minecraft:white_wool":4,"minecraft:oak_leaves":1,"minecraft:fern":5},"minecraft:dropped":{"minecraft:stone_axe":1,"minecraft:oak_log":13,"minecraft:feather":2,"minecraft:rotten_flesh":2,"minecraft:leather":2,"minecraft:cooked_mutton":10,"minecraft:dirt":5,"minecraft:wooden_axe":1,"minecraft:oak_sapling":3,"minecraft:wooden_pickaxe":1,"minecraft:stone_pickaxe":1,"minecraft:string":2,"minecraft:acacia_planks":1},"minecraft:broken":{"minecraft:stone_pickaxe":1,"minecraft:wooden_axe":3},"minecraft:picked_up":{"minecraft:birch_log":19,"minecraft:crafting_table":8,"minecraft:feather":2,"minecraft:chicken":4,"minecraft:andesite":13,"minecraft:leather":24,"minecraft:oak_log":27,"minecraft:dirt":26,"minecraft:string":2,"minecraft:bone":4,"minecraft:acacia_planks":4,"minecraft:apple":1,"minecraft:wheat_seeds":3,"minecraft:stone_pickaxe":1,"minecraft:beef":38,"minecraft:light_gray_wool":2,"minecraft:bamboo":23,"minecraft:melon_slice":66,"minecraft:sugar_cane":6,"minecraft:furnace":5,"minecraft:stick":5,"minecraft:raw_iron":52,"minecraft:cooked_porkchop":1,"minecraft:torch":2,"minecraft:acacia_log":45,"minecraft:gravel":17,"minecraft:porkchop":36,"minecraft:diorite":2,"minecraft:white_bed":1,"minecraft:cauldron":3,"minecraft:arrow":2,"minecraft:rotten_flesh":5,"minecraft:granite":22,"minecraft:gray_wool":1,"minecraft:oak_sapling":3,"minecraft:black_wool":2,"minecraft:mutton":35,"minecraft:coal":78,"minecraft:white_wool":24,"minecraft:cobblestone":169},"minecraft:custom":{"minecraft:interact_with_furnace":48,"minecraft:mob_kills":69,"minecraft:interact_with_crafting_table":21,"minecraft:leave_game":7,"minecraft:time_since_death":42554,"minecraft:sleep_in_bed":1,"minecraft:climb_one_cm":181,"minecraft:time_since_rest":14297,"minecraft:sprint_one_cm":189485,"minecraft:damage_taken":1099,"minecraft:walk_one_cm":110459,"minecraft:drop":14,"minecraft:damage_dealt":7012,"minecraft:swim_one_cm":13033,"minecraft:fly_one_cm":321945,"minecraft:open_chest":1,"minecraft:crouch_one_cm":11536,"minecraft:play_time":68531,"minecraft:deaths":1,"minecraft:sneak_time":5461,"minecraft:walk_under_water_one_cm":1615,"minecraft:jump":1671,"minecraft:walk_on_water_one_cm":3410,"minecraft:total_world_time":68531,"minecraft:fall_one_cm":37726},"minecraft:used":{"minecraft:cooked_mutton":6,"minecraft:stone_pickaxe":163,"minecraft:oak_planks":1,"minecraft:wooden_pickaxe":33,"minecraft:cooked_chicken":3,"minecraft:white_wool":4,"minecraft:torch":11,"minecraft:dirt":21,"minecraft:crafting_table":10,"minecraft:white_bed":1,"minecraft:wooden_axe":184,"minecraft:iron_axe":99,"minecraft:iron_pickaxe":142,"minecraft:stone_axe":18,"minecraft:cobblestone":7,"minecraft:furnace":5,"minecraft:cooked_porkchop":4,"minecraft:cooked_beef":3}},"DataVersion":3465}