{"stats":{"minecraft:crafted":{"minecraft:iron_chestplate":1,"minecraft:cooked_porkchop":15,"minecraft:shield":1,"minecraft:crafting_table":2,"minecraft:stick":16,"minecraft:iron_ingot":6,"minecraft:cooked_chicken":2,"minecraft:wooden_pickaxe":1,"minecraft:stone_pickaxe":1,"minecraft:furnace":1,"minecraft:cooked_salmon":5,"minecraft:acacia_planks":36,"minecraft:torch":48,"minecraft:stone_axe":1},"minecraft:killed":{"minecraft:skeleton":1,"minecraft:zombie":2,"minecraft:pig":8,"minecraft:chicken":2,"minecraft:salmon":17},"minecraft:killed_by":{"minecraft:creeper":2},"minecraft:mined":{"minecraft:seagrass":1,"minecraft:acacia_leaves":1,"minecraft:iron_ore":6,"minecraft:granite":17,"minecraft:grass":42,"minecraft:acacia_log":18,"minecraft:grass_block":32,"minecraft:coal_ore":46,"minecraft:dirt":23,"minecraft:copper_ore":2,"minecraft:tall_grass":1,"minecraft:cobblestone":4,"minecraft:lapis_ore":8,"minecraft:stone":85,"minecraft:diorite":8,"minecraft:spruce_slab":1},"minecraft:broken":{"minecraft:wooden_sword":1,"minecraft:wooden_pickaxe":1},"minecraft:picked_up":{"minecraft:stick":2,"minecraft:raw_iron":6,"minecraft:feather":3,"minecraft:chicken":2,"minecraft:cooked_porkchop":3,"minecraft:salmon":16,"minecraft:acacia_log":16,"minecraft:porkchop":15,"minecraft:diorite":8,"minecraft:lapis_lazuli":46,"minecraft:spider_eye":1,"minecraft:dirt":73,"minecraft:raw_copper":7,"minecraft:wooden_sword":1,"minecraft:rotten_flesh":1,"minecraft:wheat_seeds":10,"minecraft:granite":17,"minecraft:spruce_slab":1,"minecraft:acacia_sapling":2,"minecraft:coal":43,"minecraft:cobblestone":83},"minecraft:custom":{"minecraft:time_since_rest":30213,"minecraft:damage_taken":1355,"minecraft:interact_with_furnace":10,"minecraft:sprint_one_cm":66498,"minecraft:walk_one_cm":41573,"minecraft:mob_kills":30,"minecraft:damage_dealt":2044,"minecraft:swim_one_cm":30451,"minecraft:interact_with_crafting_table":7,"minecraft:fly_one_cm":74584,"minecraft:open_chest":1,"minecraft:crouch_one_cm":204,"minecraft:play_time":32208,"minecraft:deaths":2,"minecraft:sneak_time":190,"minecraft:walk_under_water_one_cm":10344,"minecraft:jump":391,"minecraft:leave_game":1,"minecraft:time_since_death":30171,"minecraft:walk_on_water_one_cm":10246,"minecraft:total_world_time":32208,"minecraft:fall_one_cm":6773},"minecraft:used":{"minecraft:stone_pickaxe":126,"minecraft:wooden_pickaxe":57,"minecraft:stone_axe":34,"minecraft:torch":9,"minecraft:wooden_sword":72,"minecraft:dirt":53,"minecraft:cobblestone":11,"minecraft:crafting_table":2,"minecraft:furnace":1,"minecraft:cooked_porkchop":6}},"DataVersion":3465}