{"stats":{"minecraft:crafted":{"minecraft:acacia_planks":36,"minecraft:crafting_table":1,"minecraft:stick":4,"minecraft:wooden_pickaxe":1},"minecraft:killed_by":{"minecraft:creeper":2},"minecraft:mined":{"minecraft:grass":8,"minecraft:acacia_log":18,"minecraft:coal_ore":20,"minecraft:grass_block":2,"minecraft:acacia_leaves":1,"minecraft:dirt":8,"minecraft:tall_grass":1,"minecraft:stone":20},"minecraft:picked_up":{"minecraft:wooden_sword":1,"minecraft:stick":2,"minecraft:cooked_porkchop":3,"minecraft:rotten_flesh":1,"minecraft:wheat_seeds":4,"minecraft:acacia_log":16,"minecraft:acacia_sapling":2,"minecraft:coal":18,"minecraft:spider_eye":1,"minecraft:dirt":27,"minecraft:cobblestone":21},"minecraft:custom":{"minecraft:time_since_rest":7910,"minecraft:play_time":9905,"minecraft:sprint_one_cm":32495,"minecraft:walk_one_cm":14920,"minecraft:damage_taken":1060,"minecraft:deaths":2,"minecraft:walk_under_water_one_cm":85,"minecraft:jump":156,"minecraft:damage_dealt":40,"minecraft:walk_on_water_one_cm":2061,"minecraft:time_since_death":7868,"minecraft:total_world_time":9905,"minecraft:swim_one_cm":9885,"minecraft:interact_with_crafting_table":1,"minecraft:fall_one_cm":3601,"minecraft:fly_one_cm":35868},"minecraft:used":{"minecraft:wooden_sword":5,"minecraft:dirt":5,"minecraft:crafting_table":1,"minecraft:cooked_porkchop":3,"minecraft:wooden_pickaxe":44}},"DataVersion":3465}