{"stats":{"minecraft:crafted":{"minecraft:cooked_porkchop":15,"minecraft:crafting_table":2,"minecraft:wooden_pickaxe":1,"minecraft:cooked_chicken":2,"minecraft:furnace":1,"minecraft:cooked_salmon":16,"minecraft:stone_axe":1,"minecraft:iron_chestplate":1,"minecraft:shield":1,"minecraft:stick":20,"minecraft:iron_ingot":6,"minecraft:stone_pickaxe":3,"minecraft:acacia_planks":36,"minecraft:torch":48},"minecraft:killed":{"minecraft:pig":8,"minecraft:salmon":17,"minecraft:skeleton":1,"minecraft:zombie":3,"minecraft:chicken":2},"minecraft:killed_by":{"minecraft:creeper":2},"minecraft:mined":{"minecraft:large_amethyst_bud":1,"minecraft:acacia_leaves":1,"minecraft:granite":17,"minecraft:budding_amethyst":4,"minecraft:acacia_log":18,"minecraft:grass_block":32,"minecraft:calcite":23,"minecraft:tall_grass":1,"minecraft:copper_ore":2,"minecraft:cobblestone":4,"minecraft:lapis_ore":8,"minecraft:diorite":9,"minecraft:wall_torch":2,"minecraft:amethyst_block":55,"minecraft:seagrass":1,"minecraft:iron_ore":27,"minecraft:grass":42,"minecraft:coal_ore":52,"minecraft:small_amethyst_bud":1,"minecraft:dirt":23,"minecraft:smooth_basalt":1,"minecraft:stone":91,"minecraft:spruce_slab":1},"minecraft:broken":{"minecraft:stone_pickaxe":1,"minecraft:wooden_sword":1,"minecraft:wooden_pickaxe":1},"minecraft:picked_up":{"minecraft:feather":3,"minecraft:chicken":2,"minecraft:salmon":16,"minecraft:amethyst_block":48,"minecraft:lapis_lazuli":46,"minecraft:dirt":73,"minecraft:raw_copper":7,"minecraft:wooden_sword":1,"minecraft:wheat_seeds":10,"minecraft:calcite":23,"minecraft:spruce_slab":1,"minecraft:acacia_sapling":2,"minecraft:raw_iron":27,"minecraft:stick":2,"minecraft:smooth_basalt":1,"minecraft:cooked_porkchop":3,"minecraft:torch":2,"minecraft:acacia_log":16,"minecraft:porkchop":15,"minecraft:amethyst_shard":2,"minecraft:diorite":9,"minecraft:spider_eye":1,"minecraft:rotten_flesh":3,"minecraft:granite":17,"minecraft:coal":49,"minecraft:cobblestone":91},"minecraft:custom":{"minecraft:interact_with_furnace":12,"minecraft:mob_kills":31,"minecraft:interact_with_crafting_table":10,"minecraft:leave_game":2,"minecraft:time_since_death":41214,"minecraft:time_since_rest":41256,"minecraft:sprint_one_cm":84239,"minecraft:damage_taken":1642,"minecraft:walk_one_cm":61954,"minecraft:damage_blocked_by_shield":120,"minecraft:damage_dealt":2204,"minecraft:swim_one_cm":30451,"minecraft:fly_one_cm":79389,"minecraft:open_chest":1,"minecraft:crouch_one_cm":458,"minecraft:play_time":43251,"minecraft:deaths":2,"minecraft:sneak_time":566,"minecraft:walk_under_water_one_cm":10344,"minecraft:jump":514,"minecraft:walk_on_water_one_cm":10246,"minecraft:total_world_time":43251,"minecraft:fall_one_cm":9563},"minecraft:used":{"minecraft:diorite":2,"minecraft:amethyst_block":3,"minecraft:stone_pickaxe":247,"minecraft:shield":1,"minecraft:wooden_pickaxe":57,"minecraft:torch":22,"minecraft:dirt":53,"minecraft:crafting_table":2,"minecraft:stone_axe":37,"minecraft:wooden_sword":72,"minecraft:cobblestone":32,"minecraft:furnace":1,"minecraft:cooked_porkchop":10}},"DataVersion":3465}