{"stats":{"minecraft:crafted":{"minecraft:cooked_porkchop":15,"minecraft:crafting_table":2,"minecraft:wooden_pickaxe":1,"minecraft:cooked_chicken":2,"minecraft:furnace":1,"minecraft:cooked_salmon":16,"minecraft:stone_axe":1,"minecraft:iron_chestplate":1,"minecraft:shield":1,"minecraft:stick":20,"minecraft:iron_ingot":6,"minecraft:stone_pickaxe":3,"minecraft:acacia_planks":36,"minecraft:torch":48},"minecraft:killed":{"minecraft:pig":8,"minecraft:salmon":17,"minecraft:skeleton":1,"minecraft:zombie":4,"minecraft:chicken":2},"minecraft:killed_by":{"minecraft:creeper":2},"minecraft:mined":{"minecraft:large_amethyst_bud":1,"minecraft:acacia_leaves":1,"minecraft:torch":1,"minecraft:granite":39,"minecraft:budding_amethyst":4,"minecraft:acacia_log":18,"minecraft:grass_block":32,"minecraft:calcite":23,"minecraft:tall_grass":1,"minecraft:copper_ore":14,"minecraft:cobblestone":4,"minecraft:lapis_ore":8,"minecraft:diorite":10,"minecraft:wall_torch":2,"minecraft:amethyst_block":57,"minecraft:seagrass":1,"minecraft:iron_ore":42,"minecraft:andesite":3,"minecraft:grass":42,"minecraft:coal_ore":81,"minecraft:small_amethyst_bud":1,"minecraft:dirt":23,"minecraft:smooth_basalt":1,"minecraft:stone":147,"minecraft:spruce_slab":1},"minecraft:broken":{"minecraft:stone_pickaxe":2,"minecraft:wooden_sword":1,"minecraft:wooden_pickaxe":1},"minecraft:picked_up":{"minecraft:feather":3,"minecraft:chicken":2,"minecraft:salmon":16,"minecraft:andesite":3,"minecraft:amethyst_block":50,"minecraft:lapis_lazuli":46,"minecraft:dirt":73,"minecraft:raw_copper":52,"minecraft:wooden_sword":1,"minecraft:wheat_seeds":10,"minecraft:calcite":23,"minecraft:spruce_slab":1,"minecraft:acacia_sapling":2,"minecraft:raw_iron":42,"minecraft:stick":2,"minecraft:smooth_basalt":1,"minecraft:cooked_porkchop":3,"minecraft:torch":3,"minecraft:acacia_log":16,"minecraft:porkchop":15,"minecraft:amethyst_shard":2,"minecraft:diorite":10,"minecraft:spider_eye":1,"minecraft:rotten_flesh":3,"minecraft:granite":39,"minecraft:coal":78,"minecraft:cobblestone":153},"minecraft:custom":{"minecraft:interact_with_furnace":12,"minecraft:mob_kills":32,"minecraft:interact_with_crafting_table":10,"minecraft:leave_game":3,"minecraft:time_since_death":53030,"minecraft:time_since_rest":53072,"minecraft:sprint_one_cm":115686,"minecraft:damage_taken":1672,"minecraft:walk_one_cm":91440,"minecraft:damage_blocked_by_shield":450,"minecraft:damage_dealt":2355,"minecraft:swim_one_cm":30803,"minecraft:fly_one_cm":92030,"minecraft:open_chest":1,"minecraft:crouch_one_cm":458,"minecraft:play_time":55067,"minecraft:deaths":2,"minecraft:sneak_time":566,"minecraft:walk_under_water_one_cm":10430,"minecraft:jump":728,"minecraft:walk_on_water_one_cm":11275,"minecraft:total_world_time":55067,"minecraft:fall_one_cm":10842},"minecraft:used":{"minecraft:diorite":2,"minecraft:amethyst_block":3,"minecraft:stone_pickaxe":387,"minecraft:wooden_pickaxe":57,"minecraft:shield":2,"minecraft:torch":30,"minecraft:dirt":53,"minecraft:crafting_table":2,"minecraft:stone_axe":41,"minecraft:wooden_sword":72,"minecraft:cobblestone":80,"minecraft:furnace":1,"minecraft:cooked_porkchop":11}},"DataVersion":3465}