{"stats":{"minecraft:crafted":{"minecraft:cooked_porkchop":15,"minecraft:shield":1,"minecraft:crafting_table":2,"minecraft:stick":8,"minecraft:wooden_pickaxe":1,"minecraft:stone_pickaxe":1,"minecraft:furnace":1,"minecraft:acacia_planks":36,"minecraft:torch":4,"minecraft:stone_axe":1},"minecraft:killed":{"minecraft:pig":8,"minecraft:chicken":2},"minecraft:killed_by":{"minecraft:creeper":2},"minecraft:mined":{"minecraft:acacia_leaves":1,"minecraft:grass":38,"minecraft:acacia_log":18,"minecraft:grass_block":32,"minecraft:coal_ore":20,"minecraft:dirt":21,"minecraft:copper_ore":2,"minecraft:tall_grass":1,"minecraft:stone":67,"minecraft:diorite":8,"minecraft:spruce_slab":1},"minecraft:broken":{"minecraft:wooden_sword":1,"minecraft:wooden_pickaxe":1},"minecraft:picked_up":{"minecraft:stick":2,"minecraft:feather":3,"minecraft:chicken":2,"minecraft:cooked_porkchop":3,"minecraft:acacia_log":16,"minecraft:porkchop":15,"minecraft:diorite":8,"minecraft:spider_eye":1,"minecraft:dirt":71,"minecraft:raw_copper":7,"minecraft:wooden_sword":1,"minecraft:rotten_flesh":1,"minecraft:wheat_seeds":9,"minecraft:spruce_slab":1,"minecraft:acacia_sapling":2,"minecraft:coal":18,"minecraft:cobblestone":60},"minecraft:custom":{"minecraft:time_since_rest":18213,"minecraft:damage_taken":1070,"minecraft:interact_with_furnace":4,"minecraft:sprint_one_cm":54107,"minecraft:walk_one_cm":32927,"minecraft:mob_kills":10,"minecraft:damage_dealt":943,"minecraft:swim_one_cm":12210,"minecraft:interact_with_crafting_table":6,"minecraft:fly_one_cm":69068,"minecraft:open_chest":1,"minecraft:play_time":20208,"minecraft:deaths":2,"minecraft:walk_under_water_one_cm":1645,"minecraft:jump":283,"minecraft:leave_game":1,"minecraft:time_since_death":18171,"minecraft:walk_on_water_one_cm":4249,"minecraft:total_world_time":20208,"minecraft:fall_one_cm":5811},"minecraft:used":{"minecraft:stone_pickaxe":46,"minecraft:wooden_pickaxe":57,"minecraft:torch":3,"minecraft:wooden_sword":72,"minecraft:dirt":50,"minecraft:crafting_table":2,"minecraft:furnace":1,"minecraft:cooked_porkchop":4}},"DataVersion":3465}