{"stats":{"minecraft:crafted":{"minecraft:cooked_porkchop":15,"minecraft:crafting_table":2,"minecraft:wooden_pickaxe":1,"minecraft:cooked_chicken":2,"minecraft:furnace":1,"minecraft:cooked_salmon":16,"minecraft:stone_axe":1,"minecraft:iron_boots":1,"minecraft:iron_chestplate":1,"minecraft:shield":1,"minecraft:iron_axe":1,"minecraft:stick":24,"minecraft:iron_ingot":19,"minecraft:stone_pickaxe":4,"minecraft:iron_leggings":1,"minecraft:acacia_planks":36,"minecraft:torch":48,"minecraft:shears":1},"minecraft:killed":{"minecraft:pig":8,"minecraft:salmon":17,"minecraft:skeleton":1,"minecraft:zombie":4,"minecraft:chicken":2},"minecraft:dropped":{"minecraft:smooth_basalt":1},"minecraft:killed_by":{"minecraft:skeleton":1,"minecraft:creeper":2},"minecraft:mined":{"minecraft:large_amethyst_bud":1,"minecraft:acacia_leaves":1,"minecraft:crafting_table":1,"minecraft:torch":1,"minecraft:granite":39,"minecraft:budding_amethyst":4,"minecraft:acacia_log":18,"minecraft:grass_block":32,"minecraft:calcite":23,"minecraft:tall_grass":1,"minecraft:copper_ore":15,"minecraft:cobblestone":4,"minecraft:lapis_ore":8,"minecraft:sugar_cane":2,"minecraft:diorite":10,"minecraft:wall_torch":2,"minecraft:amethyst_block":57,"minecraft:hay_block":13,"minecraft:seagrass":1,"minecraft:furnace":1,"minecraft:iron_ore":49,"minecraft:andesite":3,"minecraft:grass":44,"minecraft:coal_ore":105,"minecraft:small_amethyst_bud":1,"minecraft:dirt":27,"minecraft:smooth_basalt":1,"minecraft:stone":148,"minecraft:spruce_slab":1},"minecraft:broken":{"minecraft:stone_pickaxe":3,"minecraft:wooden_sword":1,"minecraft:wooden_pickaxe":1},"minecraft:picked_up":{"minecraft:crafting_table":1,"minecraft:feather":3,"minecraft:chicken":2,"minecraft:salmon":16,"minecraft:andesite":3,"minecraft:amethyst_block":50,"minecraft:lapis_lazuli":46,"minecraft:dirt":77,"minecraft:raw_copper":54,"minecraft:wooden_sword":1,"minecraft:wheat_seeds":11,"minecraft:iron_ingot":2,"minecraft:calcite":23,"minecraft:spruce_slab":1,"minecraft:sugar_cane":2,"minecraft:acacia_sapling":2,"minecraft:furnace":1,"minecraft:raw_iron":77,"minecraft:stick":2,"minecraft:smooth_basalt":1,"minecraft:cooked_porkchop":3,"minecraft:torch":4,"minecraft:acacia_log":16,"minecraft:porkchop":15,"minecraft:amethyst_shard":2,"minecraft:diorite":10,"minecraft:spider_eye":1,"minecraft:rotten_flesh":3,"minecraft:hay_block":11,"minecraft:granite":39,"minecraft:coal":106,"minecraft:white_wool":18,"minecraft:cobblestone":154},"minecraft:custom":{"minecraft:interact_with_furnace":22,"minecraft:mob_kills":32,"minecraft:interact_with_crafting_table":15,"minecraft:leave_game":4,"minecraft:time_since_death":1242,"minecraft:time_since_rest":1276,"minecraft:sprint_one_cm":176759,"minecraft:damage_taken":2031,"minecraft:walk_one_cm":103045,"minecraft:damage_blocked_by_shield":450,"minecraft:drop":1,"minecraft:damage_dealt":2429,"minecraft:swim_one_cm":39439,"minecraft:fly_one_cm":198061,"minecraft:open_chest":1,"minecraft:crouch_one_cm":458,"minecraft:play_time":70004,"minecraft:deaths":3,"minecraft:sneak_time":566,"minecraft:walk_under_water_one_cm":10601,"minecraft:jump":1160,"minecraft:walk_on_water_one_cm":16116,"minecraft:total_world_time":70004,"minecraft:fall_one_cm":20736},"minecraft:used":{"minecraft:diorite":2,"minecraft:amethyst_block":3,"minecraft:stone_pickaxe":424,"minecraft:wooden_pickaxe":57,"minecraft:shield":2,"minecraft:torch":30,"minecraft:dirt":53,"minecraft:crafting_table":2,"minecraft:iron_boots":1,"minecraft:stone_axe":52,"minecraft:wooden_sword":72,"minecraft:cobblestone":80,"minecraft:furnace":1,"minecraft:cooked_porkchop":14,"minecraft:iron_leggings":1}},"DataVersion":3465}