{"stats":{"minecraft:crafted":{"minecraft:cooked_beef":28,"minecraft:cooked_porkchop":4,"minecraft:crafting_table":1,"minecraft:iron_helmet":1,"minecraft:cooked_chicken":8,"minecraft:wooden_pickaxe":1,"minecraft:iron_sword":1,"minecraft:furnace":2,"minecraft:bucket":1,"minecraft:stone_axe":1,"minecraft:cooked_mutton":4,"minecraft:air":0,"minecraft:iron_boots":1,"minecraft:iron_chestplate":1,"minecraft:shield":1,"minecraft:iron_axe":1,"minecraft:stick":8,"minecraft:iron_ingot":29,"minecraft:iron_pickaxe":2,"minecraft:stone_pickaxe":1,"minecraft:stone_sword":1,"minecraft:iron_leggings":1,"minecraft:white_bed":1,"minecraft:acacia_planks":20,"minecraft:smoker":2},"minecraft:killed":{"minecraft:pig":10,"minecraft:witch":2,"minecraft:zombie_villager":4,"minecraft:spider":3,"minecraft:creeper":1,"minecraft:horse":5,"minecraft:sheep":13,"minecraft:skeleton":4,"minecraft:zombie":8,"minecraft:chicken":8,"minecraft:cow":35},"minecraft:killed_by":{"minecraft:skeleton":1},"minecraft:dropped":{"minecraft:stone_axe":1,"minecraft:wheat_seeds":7,"minecraft:stone_sword":1,"minecraft:stick":1,"minecraft:gray_wool":1,"minecraft:gunpowder":2,"minecraft:spider_eye":1,"minecraft:arrow":1,"minecraft:wooden_pickaxe":1,"minecraft:stone_pickaxe":1},"minecraft:mined":{"minecraft:acacia_leaves":1,"minecraft:deepslate_diamond_ore":2,"minecraft:smoker":2,"minecraft:crafting_table":9,"minecraft:granite":4,"minecraft:acacia_log":51,"minecraft:grass_block":6,"minecraft:tall_grass":14,"minecraft:grindstone":1,"minecraft:diorite":22,"minecraft:furnace":5,"minecraft:iron_ore":121,"minecraft:andesite":5,"minecraft:pumpkin":9,"minecraft:deepslate_lapis_ore":11,"minecraft:grass":24,"minecraft:coal_ore":54,"minecraft:oak_log":4,"minecraft:deepslate_iron_ore":21,"minecraft:sand":3,"minecraft:dirt":12,"minecraft:stone":139,"minecraft:oak_leaves":4,"minecraft:deepslate":16},"minecraft:broken":{"minecraft:iron_pickaxe":1},"minecraft:picked_up":{"minecraft:crafting_table":9,"minecraft:feather":9,"minecraft:chicken":8,"minecraft:andesite":5,"minecraft:leather":47,"minecraft:smoker":2,"minecraft:oak_log":8,"minecraft:gunpowder":2,"minecraft:lapis_lazuli":76,"minecraft:dirt":25,"minecraft:string":4,"minecraft:bone":3,"minecraft:apple":1,"minecraft:bow":1,"minecraft:wheat_seeds":7,"minecraft:cobbled_deepslate":23,"minecraft:iron_ingot":13,"minecraft:grindstone":1,"minecraft:beef":74,"minecraft:acacia_sapling":4,"minecraft:furnace":5,"minecraft:egg":3,"minecraft:stick":7,"minecraft:raw_iron":185,"minecraft:pumpkin":9,"minecraft:acacia_log":56,"minecraft:porkchop":17,"minecraft:sand":3,"minecraft:diorite":22,"minecraft:spider_eye":1,"minecraft:arrow":1,"minecraft:rotten_flesh":9,"minecraft:diamond":2,"minecraft:granite":4,"minecraft:gray_wool":1,"minecraft:mutton":18,"minecraft:coal":149,"minecraft:white_wool":5,"minecraft:cobblestone":151},"minecraft:custom":{"minecraft:interact_with_furnace":23,"minecraft:mob_kills":93,"minecraft:interact_with_crafting_table":12,"minecraft:leave_game":9,"minecraft:time_since_death":54597,"minecraft:sleep_in_bed":1,"minecraft:climb_one_cm":198,"minecraft:time_since_rest":2883,"minecraft:sprint_one_cm":220775,"minecraft:damage_taken":1508,"minecraft:walk_one_cm":85623,"minecraft:damage_blocked_by_shield":855,"minecraft:drop":15,"minecraft:damage_dealt":12089,"minecraft:swim_one_cm":13580,"minecraft:fly_one_cm":451471,"minecraft:open_chest":5,"minecraft:play_time":70511,"minecraft:crouch_one_cm":21098,"minecraft:sneak_time":5911,"minecraft:deaths":1,"minecraft:walk_under_water_one_cm":1796,"minecraft:jump":2042,"minecraft:walk_on_water_one_cm":5544,"minecraft:total_world_time":70511,"minecraft:interact_with_smoker":23,"minecraft:fall_one_cm":54155},"minecraft:used":{"minecraft:cooked_mutton":4,"minecraft:diorite":4,"minecraft:water_bucket":2,"minecraft:stone_sword":47,"minecraft:stone_pickaxe":75,"minecraft:wooden_pickaxe":29,"minecraft:shield":14,"minecraft:iron_sword":60,"minecraft:cooked_chicken":8,"minecraft:rotten_flesh":8,"minecraft:dirt":3,"minecraft:crafting_table":8,"minecraft:white_bed":1,"minecraft:granite":1,"minecraft:smoker":2,"minecraft:apple":1,"minecraft:lava_bucket":1,"minecraft:iron_axe":64,"minecraft:iron_pickaxe":330,"minecraft:stone_axe":86,"minecraft:furnace":3,"minecraft:cooked_porkchop":4,"minecraft:bucket":4,"minecraft:egg":3,"minecraft:cooked_beef":4,"minecraft:cobbled_deepslate":5}},"DataVersion":3465}