{"stats":{"minecraft:crafted":{"minecraft:cooked_beef":28,"minecraft:cooked_porkchop":4,"minecraft:crafting_table":1,"minecraft:cooked_chicken":8,"minecraft:wooden_pickaxe":1,"minecraft:iron_helmet":1,"minecraft:iron_sword":1,"minecraft:furnace":2,"minecraft:stone_axe":1,"minecraft:cooked_mutton":4,"minecraft:air":0,"minecraft:iron_boots":1,"minecraft:iron_chestplate":1,"minecraft:shield":1,"minecraft:iron_axe":1,"minecraft:stick":8,"minecraft:iron_ingot":29,"minecraft:iron_pickaxe":1,"minecraft:stone_pickaxe":1,"minecraft:stone_sword":1,"minecraft:iron_leggings":1,"minecraft:acacia_planks":20,"minecraft:smoker":2},"minecraft:killed":{"minecraft:pig":3,"minecraft:witch":1,"minecraft:spider":3,"minecraft:sheep":1,"minecraft:skeleton":2,"minecraft:zombie":7,"minecraft:chicken":8,"minecraft:cow":12},"minecraft:killed_by":{"minecraft:skeleton":1},"minecraft:mined":{"minecraft:acacia_leaves":1,"minecraft:deepslate_diamond_ore":2,"minecraft:smoker":2,"minecraft:crafting_table":6,"minecraft:granite":1,"minecraft:acacia_log":51,"minecraft:grass_block":6,"minecraft:tall_grass":12,"minecraft:diorite":4,"minecraft:furnace":3,"minecraft:iron_ore":99,"minecraft:deepslate_lapis_ore":5,"minecraft:grass":18,"minecraft:coal_ore":54,"minecraft:oak_log":4,"minecraft:deepslate_iron_ore":16,"minecraft:dirt":7,"minecraft:stone":66,"minecraft:deepslate":10,"minecraft:oak_leaves":4},"minecraft:dropped":{"minecraft:stone_axe":1,"minecraft:wheat_seeds":5,"minecraft:stone_sword":1,"minecraft:gray_wool":1,"minecraft:spider_eye":1,"minecraft:stone_pickaxe":1,"minecraft:wooden_pickaxe":1},"minecraft:picked_up":{"minecraft:crafting_table":6,"minecraft:feather":9,"minecraft:chicken":8,"minecraft:leather":13,"minecraft:smoker":2,"minecraft:oak_log":8,"minecraft:lapis_lazuli":36,"minecraft:string":4,"minecraft:dirt":20,"minecraft:bone":2,"minecraft:apple":1,"minecraft:bow":1,"minecraft:wheat_seeds":5,"minecraft:cobbled_deepslate":17,"minecraft:beef":27,"minecraft:iron_ingot":13,"minecraft:acacia_sapling":4,"minecraft:egg":3,"minecraft:furnace":3,"minecraft:raw_iron":158,"minecraft:stick":7,"minecraft:acacia_log":56,"minecraft:porkchop":4,"minecraft:diorite":4,"minecraft:spider_eye":1,"minecraft:rotten_flesh":9,"minecraft:diamond":2,"minecraft:granite":1,"minecraft:gray_wool":1,"minecraft:mutton":2,"minecraft:coal":149,"minecraft:cobblestone":75},"minecraft:custom":{"minecraft:interact_with_furnace":23,"minecraft:mob_kills":37,"minecraft:interact_with_crafting_table":9,"minecraft:leave_game":7,"minecraft:time_since_death":31943,"minecraft:time_since_rest":31975,"minecraft:sprint_one_cm":118843,"minecraft:damage_taken":755,"minecraft:walk_one_cm":60943,"minecraft:damage_blocked_by_shield":345,"minecraft:drop":9,"minecraft:damage_dealt":5085,"minecraft:swim_one_cm":472,"minecraft:fly_one_cm":223167,"minecraft:crouch_one_cm":19290,"minecraft:play_time":47857,"minecraft:deaths":1,"minecraft:sneak_time":5497,"minecraft:walk_under_water_one_cm":79,"minecraft:jump":1065,"minecraft:walk_on_water_one_cm":272,"minecraft:interact_with_smoker":23,"minecraft:total_world_time":47857,"minecraft:fall_one_cm":32573},"minecraft:used":{"minecraft:cooked_mutton":4,"minecraft:diorite":4,"minecraft:stone_sword":47,"minecraft:stone_pickaxe":75,"minecraft:shield":6,"minecraft:wooden_pickaxe":29,"minecraft:iron_sword":9,"minecraft:cooked_chicken":1,"minecraft:rotten_flesh":8,"minecraft:dirt":3,"minecraft:crafting_table":5,"minecraft:granite":1,"minecraft:smoker":2,"minecraft:apple":1,"minecraft:iron_axe":1,"minecraft:iron_pickaxe":184,"minecraft:stone_axe":86,"minecraft:cooked_porkchop":2,"minecraft:furnace":3,"minecraft:egg":3,"minecraft:cooked_beef":1}},"DataVersion":3465}