{"stats":{"minecraft:crafted":{"minecraft:jungle_button":16,"minecraft:oak_planks":4,"minecraft:cooked_chicken":8,"minecraft:furnace":4,"minecraft:cooked_mutton":4,"minecraft:glass":128,"minecraft:iron_boots":2,"minecraft:iron_axe":3,"minecraft:ladder":6,"minecraft:iron_hoe":1,"minecraft:stone_pickaxe":1,"minecraft:chest":8,"minecraft:smoker":2,"minecraft:cooked_beef":92,"minecraft:cooked_porkchop":4,"minecraft:crafting_table":1,"minecraft:wooden_pickaxe":1,"minecraft:iron_helmet":2,"minecraft:iron_sword":1,"minecraft:bucket":2,"minecraft:stone_axe":1,"minecraft:air":0,"minecraft:jungle_planks":76,"minecraft:iron_chestplate":2,"minecraft:diamond_pickaxe":1,"minecraft:shield":1,"minecraft:stick":36,"minecraft:iron_ingot":129,"minecraft:iron_pickaxe":3,"minecraft:stone_sword":1,"minecraft:iron_shovel":4,"minecraft:iron_leggings":2,"minecraft:white_bed":1,"minecraft:acacia_planks":204,"minecraft:torch":24},"minecraft:killed":{"minecraft:witch":2,"minecraft:spider":3,"minecraft:skeleton":8,"minecraft:horse":5,"minecraft:chicken":8,"minecraft:pig":10,"minecraft:zombie_villager":5,"minecraft:iron_golem":1,"minecraft:creeper":2,"minecraft:sheep":13,"minecraft:zombie":11,"minecraft:ghast":1,"minecraft:cow":47},"minecraft:dropped":{"minecraft:wheat_seeds":9,"minecraft:stick":1,"minecraft:dirt":2,"minecraft:gray_wool":1,"minecraft:stone_axe":1,"minecraft:stone_sword":1,"minecraft:poppy":1,"minecraft:gunpowder":2,"minecraft:acacia_sapling":4,"minecraft:spider_eye":1,"minecraft:arrow":1,"minecraft:wooden_pickaxe":1,"minecraft:stone_pickaxe":1},"minecraft:mined":{"minecraft:white_bed":5,"minecraft:deepslate_diamond_ore":2,"minecraft:cherry_log":19,"minecraft:jungle_leaves":1,"minecraft:ladder":1,"minecraft:granite":4,"minecraft:acacia_log":51,"minecraft:grass_block":390,"minecraft:jungle_planks":1,"minecraft:jungle_log":107,"minecraft:furnace":5,"minecraft:iron_ore":121,"minecraft:andesite":5,"minecraft:pumpkin":9,"minecraft:deepslate_lapis_ore":11,"minecraft:bell":4,"minecraft:potatoes":3,"minecraft:vine":2,"minecraft:deepslate_iron_ore":21,"minecraft:dirt_path":59,"minecraft:stripped_jungle_log":1,"minecraft:stone":141,"minecraft:bone_block":30,"minecraft:white_wool":2,"minecraft:acacia_leaves":1,"minecraft:smoker":2,"minecraft:soul_fire":11,"minecraft:basalt":1,"minecraft:oak_fence":3,"minecraft:crafting_table":9,"minecraft:tall_grass":17,"minecraft:cobblestone":1,"minecraft:grindstone":1,"minecraft:sugar_cane":13,"minecraft:diorite":22,"minecraft:birch_leaves":1,"minecraft:stripped_oak_wood":1,"minecraft:bee_nest":1,"minecraft:yellow_bed":2,"minecraft:grass":180,"minecraft:oak_log":10,"minecraft:coal_ore":83,"minecraft:sand":212,"minecraft:dirt":57,"minecraft:acacia_planks":5,"minecraft:oak_leaves":4,"minecraft:deepslate":16},"minecraft:killed_by":{"minecraft:ghast":1,"minecraft:skeleton":3},"minecraft:broken":{"minecraft:iron_shovel":2,"minecraft:iron_axe":1,"minecraft:iron_pickaxe":1},"minecraft:picked_up":{"minecraft:wooden_axe":1,"minecraft:crafting_table":10,"minecraft:chicken":8,"minecraft:ladder":1,"minecraft:string":4,"minecraft:cobbled_deepslate":23,"minecraft:beef":97,"minecraft:jungle_sapling":1,"minecraft:poppy":1,"minecraft:sugar_cane":38,"minecraft:furnace":5,"minecraft:egg":3,"minecraft:stick":12,"minecraft:raw_iron":185,"minecraft:oak_fence":3,"minecraft:torch":4,"minecraft:acacia_log":56,"minecraft:porkchop":17,"minecraft:cherry_log":19,"minecraft:diorite":22,"minecraft:rotten_flesh":13,"minecraft:arrow":4,"minecraft:mutton":21,"minecraft:bone_block":26,"minecraft:cobblestone":154,"minecraft:white_wool":8,"minecraft:basalt":1,"minecraft:feather":9,"minecraft:jungle_log":107,"minecraft:andesite":5,"minecraft:leather":56,"minecraft:smoker":2,"minecraft:potato":13,"minecraft:oak_log":14,"minecraft:jungle_button":1,"minecraft:yellow_bed":3,"minecraft:gunpowder":7,"minecraft:acacia_boat":1,"minecraft:lapis_lazuli":76,"minecraft:dirt":534,"minecraft:bone":7,"minecraft:acacia_planks":19,"minecraft:apple":1,"minecraft:bow":1,"minecraft:wheat_seeds":22,"minecraft:bell":4,"minecraft:grindstone":1,"minecraft:iron_ingot":17,"minecraft:stripped_oak_wood":1,"minecraft:soul_sand":3,"minecraft:acacia_sapling":4,"minecraft:pumpkin":9,"minecraft:jungle_planks":1,"minecraft:sand":212,"minecraft:ink_sac":2,"minecraft:white_bed":5,"minecraft:spider_eye":1,"minecraft:stripped_jungle_log":1,"minecraft:diamond":2,"minecraft:granite":4,"minecraft:gray_wool":1,"minecraft:oak_sapling":1,"minecraft:coal":178},"minecraft:custom":{"minecraft:mob_kills":116,"minecraft:interact_with_crafting_table":31,"minecraft:bell_ring":20,"minecraft:leave_game":11,"minecraft:time_since_death":6302,"minecraft:climb_one_cm":4657,"minecraft:sprint_one_cm":582445,"minecraft:walk_one_cm":289955,"minecraft:damage_blocked_by_shield":1215,"minecraft:drop":20,"minecraft:play_time":169623,"minecraft:deaths":4,"minecraft:sneak_time":17090,"minecraft:walk_under_water_one_cm":2955,"minecraft:jump":4989,"minecraft:walk_on_water_one_cm":7120,"minecraft:total_world_time":169623,"minecraft:interact_with_furnace":65,"minecraft:sleep_in_bed":2,"minecraft:time_since_rest":4326,"minecraft:damage_taken":3104,"minecraft:damage_dealt":15654,"minecraft:swim_one_cm":29194,"minecraft:fly_one_cm":1258773,"minecraft:open_chest":91,"minecraft:crouch_one_cm":89841,"minecraft:interact_with_smoker":37,"minecraft:fall_one_cm":140247},"minecraft:used":{"minecraft:stone_sword":47,"minecraft:iron_shovel":680,"minecraft:flint_and_steel":1,"minecraft:ladder":6,"minecraft:chest":8,"minecraft:shield":21,"minecraft:iron_sword":104,"minecraft:bell":2,"minecraft:cooked_chicken":8,"minecraft:rotten_flesh":8,"minecraft:torch":28,"minecraft:soul_sand":1,"minecraft:dirt":532,"minecraft:jungle_planks":51,"minecraft:granite":1,"minecraft:obsidian":3,"minecraft:jungle_sapling":1,"minecraft:iron_hoe":96,"minecraft:glass":70,"minecraft:lava_bucket":1,"minecraft:iron_axe":233,"minecraft:jungle_log":35,"minecraft:basalt":1,"minecraft:jungle_button":17,"minecraft:furnace":7,"minecraft:egg":3,"minecraft:cooked_beef":24,"minecraft:potato":22,"minecraft:acacia_planks":77,"minecraft:cobbled_deepslate":5,"minecraft:cooked_mutton":4,"minecraft:water_bucket":10,"minecraft:diorite":4,"minecraft:oak_planks":4,"minecraft:stone_pickaxe":75,"minecraft:wooden_pickaxe":29,"minecraft:crafting_table":10,"minecraft:white_bed":6,"minecraft:smoker":4,"minecraft:oak_log":5,"minecraft:diamond_pickaxe":64,"minecraft:apple":1,"minecraft:iron_pickaxe":333,"minecraft:stone_axe":86,"minecraft:cooked_porkchop":4,"minecraft:stripped_oak_wood":1,"minecraft:bucket":13,"minecraft:yellow_bed":3}},"DataVersion":3465}