{"stats":{"minecraft:crafted":{"minecraft:cooked_beef":1,"minecraft:crafting_table":1,"minecraft:stick":8,"minecraft:wooden_pickaxe":1,"minecraft:stone_pickaxe":1,"minecraft:stone_sword":1,"minecraft:furnace":1,"minecraft:acacia_planks":20,"minecraft:stone_axe":1,"minecraft:air":0,"minecraft:cooked_mutton":2},"minecraft:killed":{"minecraft:zombie":1,"minecraft:spider":1},"minecraft:killed_by":{"minecraft:skeleton":1},"minecraft:dropped":{"minecraft:wheat_seeds":4,"minecraft:wooden_pickaxe":1},"minecraft:mined":{"minecraft:acacia_leaves":1,"minecraft:furnace":1,"minecraft:crafting_table":1,"minecraft:grass":14,"minecraft:acacia_log":51,"minecraft:grass_block":5,"minecraft:oak_log":4,"minecraft:dirt":7,"minecraft:tall_grass":12,"minecraft:stone":27,"minecraft:oak_leaves":3},"minecraft:picked_up":{"minecraft:stick":4,"minecraft:crafting_table":1,"minecraft:acacia_log":56,"minecraft:oak_log":8,"minecraft:dirt":12,"minecraft:string":2,"minecraft:rotten_flesh":3,"minecraft:wheat_seeds":5,"minecraft:acacia_sapling":3,"minecraft:cobblestone":27,"minecraft:furnace":1},"minecraft:custom":{"minecraft:time_since_rest":8204,"minecraft:interact_with_furnace":6,"minecraft:sprint_one_cm":32959,"minecraft:damage_taken":403,"minecraft:walk_one_cm":27243,"minecraft:mob_kills":2,"minecraft:drop":3,"minecraft:damage_dealt":599,"minecraft:interact_with_crafting_table":4,"minecraft:fly_one_cm":71293,"minecraft:crouch_one_cm":4153,"minecraft:play_time":24086,"minecraft:deaths":1,"minecraft:sneak_time":1181,"minecraft:jump":353,"minecraft:leave_game":6,"minecraft:time_since_death":8172,"minecraft:total_world_time":24086,"minecraft:fall_one_cm":8936},"minecraft:used":{"minecraft:cooked_mutton":2,"minecraft:stone_pickaxe":25,"minecraft:wooden_pickaxe":29,"minecraft:rotten_flesh":2,"minecraft:stone_axe":61,"minecraft:crafting_table":1,"minecraft:furnace":1}},"DataVersion":3465}