{"stats":{"minecraft:crafted":{"minecraft:cooked_chicken":8,"minecraft:furnace":2,"minecraft:cooked_mutton":4,"minecraft:iron_boots":1,"minecraft:iron_axe":1,"minecraft:ladder":6,"minecraft:iron_hoe":1,"minecraft:stone_pickaxe":1,"minecraft:chest":8,"minecraft:smoker":2,"minecraft:cooked_beef":92,"minecraft:cooked_porkchop":4,"minecraft:crafting_table":1,"minecraft:wooden_pickaxe":1,"minecraft:iron_helmet":1,"minecraft:iron_sword":1,"minecraft:bucket":1,"minecraft:stone_axe":1,"minecraft:air":0,"minecraft:iron_chestplate":1,"minecraft:diamond_pickaxe":1,"minecraft:shield":1,"minecraft:stick":32,"minecraft:iron_ingot":29,"minecraft:iron_pickaxe":2,"minecraft:stone_sword":1,"minecraft:iron_shovel":2,"minecraft:iron_leggings":1,"minecraft:white_bed":1,"minecraft:acacia_planks":204},"minecraft:killed":{"minecraft:witch":2,"minecraft:spider":3,"minecraft:horse":5,"minecraft:skeleton":6,"minecraft:chicken":8,"minecraft:pig":10,"minecraft:zombie_villager":4,"minecraft:iron_golem":1,"minecraft:creeper":1,"minecraft:sheep":13,"minecraft:zombie":8,"minecraft:cow":47},"minecraft:killed_by":{"minecraft:skeleton":1},"minecraft:dropped":{"minecraft:wheat_seeds":9,"minecraft:stick":1,"minecraft:dirt":2,"minecraft:gray_wool":1,"minecraft:stone_axe":1,"minecraft:stone_sword":1,"minecraft:poppy":1,"minecraft:gunpowder":2,"minecraft:acacia_sapling":4,"minecraft:spider_eye":1,"minecraft:arrow":1,"minecraft:stone_pickaxe":1,"minecraft:wooden_pickaxe":1},"minecraft:mined":{"minecraft:white_bed":3,"minecraft:deepslate_diamond_ore":2,"minecraft:granite":4,"minecraft:acacia_log":51,"minecraft:grass_block":229,"minecraft:furnace":5,"minecraft:iron_ore":121,"minecraft:andesite":5,"minecraft:pumpkin":9,"minecraft:deepslate_lapis_ore":11,"minecraft:bell":4,"minecraft:deepslate_iron_ore":21,"minecraft:dirt_path":45,"minecraft:stone":139,"minecraft:white_wool":2,"minecraft:acacia_leaves":1,"minecraft:smoker":2,"minecraft:oak_fence":3,"minecraft:crafting_table":9,"minecraft:tall_grass":17,"minecraft:cobblestone":1,"minecraft:grindstone":1,"minecraft:diorite":22,"minecraft:stripped_oak_wood":1,"minecraft:bee_nest":1,"minecraft:yellow_bed":2,"minecraft:grass":153,"minecraft:oak_log":9,"minecraft:coal_ore":54,"minecraft:dirt":56,"minecraft:sand":133,"minecraft:acacia_planks":5,"minecraft:oak_leaves":4,"minecraft:deepslate":16},"minecraft:broken":{"minecraft:iron_shovel":1,"minecraft:iron_pickaxe":1},"minecraft:picked_up":{"minecraft:wooden_axe":1,"minecraft:crafting_table":10,"minecraft:chicken":8,"minecraft:string":4,"minecraft:cobbled_deepslate":23,"minecraft:beef":97,"minecraft:poppy":1,"minecraft:egg":3,"minecraft:furnace":5,"minecraft:raw_iron":185,"minecraft:stick":10,"minecraft:oak_fence":3,"minecraft:torch":4,"minecraft:acacia_log":56,"minecraft:porkchop":17,"minecraft:diorite":22,"minecraft:rotten_flesh":9,"minecraft:arrow":2,"minecraft:mutton":21,"minecraft:cobblestone":152,"minecraft:white_wool":8,"minecraft:feather":9,"minecraft:andesite":5,"minecraft:leather":56,"minecraft:smoker":2,"minecraft:oak_log":13,"minecraft:yellow_bed":3,"minecraft:gunpowder":2,"minecraft:acacia_boat":1,"minecraft:lapis_lazuli":76,"minecraft:dirt":334,"minecraft:bone":5,"minecraft:acacia_planks":19,"minecraft:apple":1,"minecraft:bow":1,"minecraft:wheat_seeds":20,"minecraft:bell":4,"minecraft:grindstone":1,"minecraft:iron_ingot":17,"minecraft:stripped_oak_wood":1,"minecraft:acacia_sapling":4,"minecraft:pumpkin":9,"minecraft:sand":126,"minecraft:white_bed":3,"minecraft:spider_eye":1,"minecraft:diamond":2,"minecraft:granite":4,"minecraft:gray_wool":1,"minecraft:oak_sapling":1,"minecraft:coal":149},"minecraft:custom":{"minecraft:mob_kills":108,"minecraft:interact_with_crafting_table":22,"minecraft:bell_ring":20,"minecraft:leave_game":9,"minecraft:time_since_death":90597,"minecraft:climb_one_cm":2851,"minecraft:sprint_one_cm":332399,"minecraft:walk_one_cm":180218,"minecraft:damage_blocked_by_shield":1095,"minecraft:drop":20,"minecraft:play_time":106511,"minecraft:deaths":1,"minecraft:sneak_time":11927,"minecraft:walk_under_water_one_cm":2422,"minecraft:jump":2792,"minecraft:walk_on_water_one_cm":6066,"minecraft:total_world_time":106511,"minecraft:interact_with_furnace":31,"minecraft:sleep_in_bed":1,"minecraft:time_since_rest":38883,"minecraft:damage_taken":1559,"minecraft:damage_dealt":13884,"minecraft:swim_one_cm":15896,"minecraft:fly_one_cm":635088,"minecraft:open_chest":46,"minecraft:crouch_one_cm":61842,"minecraft:interact_with_smoker":35,"minecraft:fall_one_cm":75273},"minecraft:used":{"minecraft:stone_sword":47,"minecraft:iron_shovel":422,"minecraft:ladder":6,"minecraft:shield":18,"minecraft:chest":8,"minecraft:iron_sword":74,"minecraft:bell":2,"minecraft:cooked_chicken":8,"minecraft:rotten_flesh":8,"minecraft:dirt":294,"minecraft:granite":1,"minecraft:iron_hoe":81,"minecraft:lava_bucket":1,"minecraft:iron_axe":96,"minecraft:furnace":5,"minecraft:egg":3,"minecraft:potato":9,"minecraft:cooked_beef":10,"minecraft:cobbled_deepslate":5,"minecraft:acacia_planks":77,"minecraft:cooked_mutton":4,"minecraft:water_bucket":4,"minecraft:diorite":4,"minecraft:stone_pickaxe":75,"minecraft:wooden_pickaxe":29,"minecraft:crafting_table":10,"minecraft:white_bed":4,"minecraft:smoker":4,"minecraft:oak_log":5,"minecraft:diamond_pickaxe":2,"minecraft:apple":1,"minecraft:iron_pickaxe":333,"minecraft:stone_axe":86,"minecraft:stripped_oak_wood":1,"minecraft:cooked_porkchop":4,"minecraft:bucket":5,"minecraft:yellow_bed":3}},"DataVersion":3465}