{"stats":{"minecraft:crafted":{"minecraft:cooked_beef":92,"minecraft:cooked_porkchop":4,"minecraft:crafting_table":1,"minecraft:iron_helmet":1,"minecraft:cooked_chicken":8,"minecraft:wooden_pickaxe":1,"minecraft:iron_sword":1,"minecraft:furnace":2,"minecraft:bucket":1,"minecraft:stone_axe":1,"minecraft:cooked_mutton":4,"minecraft:air":0,"minecraft:iron_boots":1,"minecraft:iron_chestplate":1,"minecraft:diamond_pickaxe":1,"minecraft:shield":1,"minecraft:iron_axe":1,"minecraft:stick":12,"minecraft:iron_ingot":29,"minecraft:iron_pickaxe":2,"minecraft:stone_pickaxe":1,"minecraft:chest":8,"minecraft:stone_sword":1,"minecraft:iron_leggings":1,"minecraft:white_bed":1,"minecraft:acacia_planks":204,"minecraft:smoker":2},"minecraft:killed":{"minecraft:pig":10,"minecraft:witch":2,"minecraft:zombie_villager":4,"minecraft:spider":3,"minecraft:creeper":1,"minecraft:horse":5,"minecraft:sheep":13,"minecraft:skeleton":4,"minecraft:zombie":8,"minecraft:chicken":8,"minecraft:cow":47},"minecraft:killed_by":{"minecraft:skeleton":1},"minecraft:dropped":{"minecraft:stone_axe":1,"minecraft:wheat_seeds":9,"minecraft:stone_sword":1,"minecraft:stick":1,"minecraft:dirt":2,"minecraft:gray_wool":1,"minecraft:gunpowder":2,"minecraft:acacia_sapling":4,"minecraft:spider_eye":1,"minecraft:arrow":1,"minecraft:wooden_pickaxe":1,"minecraft:stone_pickaxe":1},"minecraft:mined":{"minecraft:acacia_leaves":1,"minecraft:white_bed":3,"minecraft:deepslate_diamond_ore":2,"minecraft:smoker":2,"minecraft:crafting_table":9,"minecraft:granite":4,"minecraft:acacia_log":51,"minecraft:grass_block":9,"minecraft:tall_grass":17,"minecraft:grindstone":1,"minecraft:diorite":22,"minecraft:furnace":5,"minecraft:iron_ore":121,"minecraft:andesite":5,"minecraft:pumpkin":9,"minecraft:yellow_bed":2,"minecraft:deepslate_lapis_ore":11,"minecraft:bee_nest":1,"minecraft:bell":4,"minecraft:dirt_path":1,"minecraft:grass":68,"minecraft:coal_ore":54,"minecraft:oak_log":4,"minecraft:deepslate_iron_ore":21,"minecraft:sand":3,"minecraft:dirt":12,"minecraft:acacia_planks":3,"minecraft:stone":139,"minecraft:oak_leaves":4,"minecraft:deepslate":16},"minecraft:broken":{"minecraft:iron_pickaxe":1},"minecraft:picked_up":{"minecraft:crafting_table":9,"minecraft:feather":9,"minecraft:chicken":8,"minecraft:andesite":5,"minecraft:leather":53,"minecraft:smoker":2,"minecraft:oak_log":8,"minecraft:yellow_bed":2,"minecraft:gunpowder":2,"minecraft:lapis_lazuli":76,"minecraft:dirt":29,"minecraft:string":4,"minecraft:bone":3,"minecraft:acacia_planks":3,"minecraft:apple":1,"minecraft:bow":1,"minecraft:wheat_seeds":9,"minecraft:cobbled_deepslate":23,"minecraft:bell":4,"minecraft:iron_ingot":13,"minecraft:grindstone":1,"minecraft:beef":96,"minecraft:acacia_sapling":4,"minecraft:furnace":5,"minecraft:egg":3,"minecraft:stick":7,"minecraft:raw_iron":185,"minecraft:pumpkin":9,"minecraft:acacia_log":56,"minecraft:porkchop":17,"minecraft:sand":3,"minecraft:diorite":22,"minecraft:white_bed":3,"minecraft:spider_eye":1,"minecraft:arrow":1,"minecraft:rotten_flesh":9,"minecraft:diamond":2,"minecraft:granite":4,"minecraft:gray_wool":1,"minecraft:mutton":18,"minecraft:coal":149,"minecraft:white_wool":5,"minecraft:cobblestone":151},"minecraft:custom":{"minecraft:interact_with_furnace":24,"minecraft:mob_kills":105,"minecraft:interact_with_crafting_table":15,"minecraft:bell_ring":20,"minecraft:leave_game":9,"minecraft:time_since_death":66597,"minecraft:sleep_in_bed":1,"minecraft:climb_one_cm":198,"minecraft:time_since_rest":14883,"minecraft:sprint_one_cm":270393,"minecraft:damage_taken":1508,"minecraft:walk_one_cm":117466,"minecraft:damage_blocked_by_shield":855,"minecraft:drop":19,"minecraft:damage_dealt":13289,"minecraft:swim_one_cm":15133,"minecraft:fly_one_cm":541495,"minecraft:open_chest":20,"minecraft:play_time":82511,"minecraft:crouch_one_cm":24765,"minecraft:sneak_time":6605,"minecraft:deaths":1,"minecraft:walk_under_water_one_cm":1885,"minecraft:jump":2375,"minecraft:walk_on_water_one_cm":5726,"minecraft:total_world_time":82511,"minecraft:interact_with_smoker":29,"minecraft:fall_one_cm":63701},"minecraft:used":{"minecraft:cooked_mutton":4,"minecraft:diorite":4,"minecraft:water_bucket":3,"minecraft:stone_sword":47,"minecraft:stone_pickaxe":75,"minecraft:chest":8,"minecraft:wooden_pickaxe":29,"minecraft:shield":14,"minecraft:iron_sword":63,"minecraft:bell":2,"minecraft:cooked_chicken":8,"minecraft:rotten_flesh":8,"minecraft:dirt":27,"minecraft:crafting_table":10,"minecraft:white_bed":4,"minecraft:granite":1,"minecraft:smoker":4,"minecraft:diamond_pickaxe":1,"minecraft:apple":1,"minecraft:lava_bucket":1,"minecraft:iron_axe":85,"minecraft:iron_pickaxe":333,"minecraft:stone_axe":86,"minecraft:furnace":5,"minecraft:cooked_porkchop":4,"minecraft:bucket":5,"minecraft:yellow_bed":2,"minecraft:egg":3,"minecraft:cooked_beef":6,"minecraft:acacia_planks":76,"minecraft:cobbled_deepslate":5}},"DataVersion":3465}