{"stats":{"minecraft:crafted":{"minecraft:cooked_beef":28,"minecraft:cooked_porkchop":4,"minecraft:crafting_table":1,"minecraft:wooden_pickaxe":1,"minecraft:iron_helmet":1,"minecraft:cooked_chicken":8,"minecraft:iron_sword":1,"minecraft:furnace":2,"minecraft:bucket":1,"minecraft:stone_axe":1,"minecraft:cooked_mutton":4,"minecraft:air":0,"minecraft:iron_boots":1,"minecraft:iron_chestplate":1,"minecraft:shield":1,"minecraft:iron_axe":1,"minecraft:stick":8,"minecraft:iron_ingot":29,"minecraft:iron_pickaxe":2,"minecraft:stone_pickaxe":1,"minecraft:stone_sword":1,"minecraft:iron_leggings":1,"minecraft:acacia_planks":20,"minecraft:smoker":2},"minecraft:killed":{"minecraft:pig":3,"minecraft:witch":2,"minecraft:spider":3,"minecraft:creeper":1,"minecraft:skeleton":4,"minecraft:sheep":4,"minecraft:zombie":8,"minecraft:chicken":8,"minecraft:cow":16},"minecraft:killed_by":{"minecraft:skeleton":1},"minecraft:mined":{"minecraft:acacia_leaves":1,"minecraft:deepslate_diamond_ore":2,"minecraft:smoker":2,"minecraft:crafting_table":8,"minecraft:granite":4,"minecraft:acacia_log":51,"minecraft:grass_block":6,"minecraft:tall_grass":13,"minecraft:diorite":22,"minecraft:furnace":3,"minecraft:iron_ore":121,"minecraft:andesite":5,"minecraft:deepslate_lapis_ore":11,"minecraft:grass":18,"minecraft:oak_log":4,"minecraft:coal_ore":54,"minecraft:deepslate_iron_ore":21,"minecraft:dirt":12,"minecraft:stone":139,"minecraft:oak_leaves":4,"minecraft:deepslate":16},"minecraft:dropped":{"minecraft:stone_axe":1,"minecraft:wheat_seeds":6,"minecraft:stone_sword":1,"minecraft:gray_wool":1,"minecraft:spider_eye":1,"minecraft:wooden_pickaxe":1,"minecraft:stone_pickaxe":1},"minecraft:broken":{"minecraft:iron_pickaxe":1},"minecraft:picked_up":{"minecraft:crafting_table":8,"minecraft:feather":9,"minecraft:chicken":8,"minecraft:andesite":5,"minecraft:leather":17,"minecraft:smoker":2,"minecraft:oak_log":8,"minecraft:gunpowder":1,"minecraft:dirt":25,"minecraft:lapis_lazuli":76,"minecraft:string":4,"minecraft:bone":3,"minecraft:apple":1,"minecraft:bow":1,"minecraft:wheat_seeds":6,"minecraft:cobbled_deepslate":23,"minecraft:iron_ingot":13,"minecraft:beef":35,"minecraft:acacia_sapling":4,"minecraft:furnace":3,"minecraft:egg":3,"minecraft:stick":7,"minecraft:raw_iron":185,"minecraft:acacia_log":56,"minecraft:porkchop":4,"minecraft:diorite":22,"minecraft:spider_eye":1,"minecraft:arrow":1,"minecraft:rotten_flesh":9,"minecraft:diamond":2,"minecraft:granite":4,"minecraft:gray_wool":1,"minecraft:mutton":5,"minecraft:coal":149,"minecraft:white_wool":3,"minecraft:cobblestone":151},"minecraft:custom":{"minecraft:interact_with_furnace":23,"minecraft:mob_kills":49,"minecraft:interact_with_crafting_table":11,"minecraft:leave_game":8,"minecraft:time_since_death":43777,"minecraft:time_since_rest":43809,"minecraft:sprint_one_cm":156251,"minecraft:damage_taken":1206,"minecraft:walk_one_cm":73950,"minecraft:damage_blocked_by_shield":855,"minecraft:drop":10,"minecraft:damage_dealt":6937,"minecraft:swim_one_cm":2835,"minecraft:fly_one_cm":300120,"minecraft:play_time":59691,"minecraft:crouch_one_cm":20680,"minecraft:deaths":1,"minecraft:sneak_time":5847,"minecraft:walk_under_water_one_cm":1399,"minecraft:jump":1478,"minecraft:walk_on_water_one_cm":4377,"minecraft:total_world_time":59691,"minecraft:interact_with_smoker":23,"minecraft:fall_one_cm":42039},"minecraft:used":{"minecraft:cooked_mutton":4,"minecraft:water_bucket":1,"minecraft:diorite":4,"minecraft:stone_sword":47,"minecraft:stone_pickaxe":75,"minecraft:wooden_pickaxe":29,"minecraft:shield":14,"minecraft:iron_sword":31,"minecraft:cooked_chicken":5,"minecraft:rotten_flesh":8,"minecraft:dirt":3,"minecraft:crafting_table":7,"minecraft:granite":1,"minecraft:smoker":2,"minecraft:apple":1,"minecraft:iron_axe":11,"minecraft:iron_pickaxe":327,"minecraft:stone_axe":86,"minecraft:furnace":3,"minecraft:cooked_porkchop":4,"minecraft:bucket":2,"minecraft:egg":3,"minecraft:cooked_beef":1,"minecraft:cobbled_deepslate":5}},"DataVersion":3465}