{"stats":{"minecraft:crafted":{"minecraft:cooked_beef":1,"minecraft:crafting_table":1,"minecraft:wooden_pickaxe":1,"minecraft:iron_helmet":1,"minecraft:furnace":1,"minecraft:stone_axe":1,"minecraft:cooked_mutton":2,"minecraft:air":0,"minecraft:iron_boots":1,"minecraft:iron_chestplate":1,"minecraft:shield":1,"minecraft:stick":8,"minecraft:iron_ingot":29,"minecraft:iron_pickaxe":1,"minecraft:stone_pickaxe":1,"minecraft:stone_sword":1,"minecraft:iron_leggings":1,"minecraft:acacia_planks":20},"minecraft:killed":{"minecraft:spider":3,"minecraft:skeleton":1,"minecraft:zombie":6},"minecraft:killed_by":{"minecraft:skeleton":1},"minecraft:dropped":{"minecraft:wheat_seeds":4,"minecraft:wooden_pickaxe":1},"minecraft:mined":{"minecraft:acacia_leaves":1,"minecraft:crafting_table":4,"minecraft:granite":1,"minecraft:acacia_log":51,"minecraft:grass_block":6,"minecraft:tall_grass":12,"minecraft:diorite":4,"minecraft:furnace":2,"minecraft:iron_ore":85,"minecraft:grass":14,"minecraft:coal_ore":47,"minecraft:oak_log":4,"minecraft:deepslate_iron_ore":5,"minecraft:dirt":7,"minecraft:stone":59,"minecraft:oak_leaves":4},"minecraft:picked_up":{"minecraft:crafting_table":4,"minecraft:oak_log":8,"minecraft:string":4,"minecraft:dirt":20,"minecraft:bone":2,"minecraft:apple":1,"minecraft:bow":1,"minecraft:wheat_seeds":5,"minecraft:iron_ingot":6,"minecraft:acacia_sapling":4,"minecraft:furnace":2,"minecraft:raw_iron":98,"minecraft:stick":7,"minecraft:acacia_log":56,"minecraft:diorite":4,"minecraft:rotten_flesh":7,"minecraft:granite":1,"minecraft:coal":67,"minecraft:cobblestone":65},"minecraft:custom":{"minecraft:interact_with_furnace":22,"minecraft:mob_kills":10,"minecraft:interact_with_crafting_table":7,"minecraft:leave_game":7,"minecraft:time_since_death":19943,"minecraft:time_since_rest":19975,"minecraft:sprint_one_cm":64453,"minecraft:damage_taken":563,"minecraft:walk_one_cm":43215,"minecraft:damage_blocked_by_shield":120,"minecraft:drop":3,"minecraft:damage_dealt":2270,"minecraft:swim_one_cm":472,"minecraft:fly_one_cm":128439,"minecraft:crouch_one_cm":17081,"minecraft:play_time":35857,"minecraft:deaths":1,"minecraft:sneak_time":5002,"minecraft:walk_under_water_one_cm":79,"minecraft:jump":603,"minecraft:walk_on_water_one_cm":272,"minecraft:total_world_time":35857,"minecraft:fall_one_cm":16617},"minecraft:used":{"minecraft:cooked_mutton":2,"minecraft:diorite":4,"minecraft:stone_sword":35,"minecraft:stone_pickaxe":75,"minecraft:shield":2,"minecraft:wooden_pickaxe":29,"minecraft:rotten_flesh":2,"minecraft:dirt":3,"minecraft:crafting_table":4,"minecraft:granite":1,"minecraft:apple":1,"minecraft:iron_pickaxe":125,"minecraft:stone_axe":65,"minecraft:furnace":3,"minecraft:cooked_beef":1}},"DataVersion":3465}