{"stats":{"minecraft:crafted":{"minecraft:wooden_sword":1,"minecraft:oak_planks":92,"minecraft:stone_shovel":2,"minecraft:barrel":2,"minecraft:cherry_wood":3,"minecraft:furnace":2,"minecraft:bone_meal":15,"minecraft:cooked_mutton":11,"minecraft:hopper":1,"minecraft:iron_axe":1,"minecraft:stone_pickaxe":3,"minecraft:chest":4,"minecraft:cooked_beef":14,"minecraft:oak_slab":12,"minecraft:cooked_porkchop":3,"minecraft:crafting_table":1,"minecraft:stone_axe":3,"minecraft:acacia_boat":2,"minecraft:air":0,"minecraft:jungle_planks":8,"minecraft:shield":1,"minecraft:stick":44,"minecraft:iron_ingot":13,"minecraft:iron_pickaxe":1,"minecraft:wooden_axe":1,"minecraft:stone_sword":2,"minecraft:acacia_chest_boat":1,"minecraft:iron_shovel":1,"minecraft:white_bed":1,"minecraft:composter":1,"minecraft:acacia_planks":56,"minecraft:torch":60},"minecraft:killed":{"minecraft:pig":13,"minecraft:sheep":9,"minecraft:zombie":2,"minecraft:donkey":1,"minecraft:enderman":2,"minecraft:cow":8},"minecraft:mined":{"minecraft:spruce_planks":6,"minecraft:white_bed":4,"minecraft:cherry_log":72,"minecraft:jungle_leaves":28,"minecraft:dark_oak_log":4,"minecraft:spruce_trapdoor":1,"minecraft:granite":7,"minecraft:dark_oak_fence":5,"minecraft:acacia_log":14,"minecraft:grass_block":165,"minecraft:jungle_log":22,"minecraft:cherry_wood":3,"minecraft:kelp":1,"minecraft:sandstone":67,"minecraft:tall_seagrass":1,"minecraft:furnace":2,"minecraft:iron_ore":13,"minecraft:andesite":3,"minecraft:vine":2,"minecraft:oak_stairs":1,"minecraft:bamboo":3,"minecraft:stone":241,"minecraft:acacia_leaves":2,"minecraft:kelp_plant":3,"minecraft:crafting_table":6,"minecraft:torch":39,"minecraft:melon":2,"minecraft:copper_ore":10,"minecraft:tall_grass":19,"minecraft:sugar_cane":9,"minecraft:oak_planks":4,"minecraft:diorite":13,"minecraft:wall_torch":4,"minecraft:pink_petals":2,"minecraft:spruce_stairs":3,"minecraft:spruce_log":2,"minecraft:grass":44,"minecraft:coal_ore":128,"minecraft:oak_log":27,"minecraft:cocoa":2,"minecraft:cherry_leaves":1,"minecraft:sand":41,"minecraft:dirt":175,"minecraft:acacia_planks":7,"minecraft:oak_leaves":16},"minecraft:dropped":{"minecraft:oak_slab":2,"minecraft:wheat_seeds":9,"minecraft:cooked_porkchop":3,"minecraft:granite":10,"minecraft:stick":3,"minecraft:dirt":67,"minecraft:gray_wool":2,"minecraft:diorite":13,"minecraft:torch":31,"minecraft:wooden_sword":1,"minecraft:sand":9,"minecraft:gravel":1,"minecraft:stone_axe":1,"minecraft:stone_shovel":1,"minecraft:rotten_flesh":1,"minecraft:cooked_mutton":3,"minecraft:potato":7,"minecraft:spruce_trapdoor":1,"minecraft:acacia_sapling":6,"minecraft:oak_sapling":3,"minecraft:sandstone":14},"minecraft:broken":{"minecraft:wooden_pickaxe":1,"minecraft:stone_pickaxe":2,"minecraft:stone_axe":1,"minecraft:wooden_axe":1,"minecraft:stone_shovel":1},"minecraft:picked_up":{"minecraft:cocoa_beans":6,"minecraft:crafting_table":6,"minecraft:wooden_pickaxe":1,"minecraft:raw_copper":32,"minecraft:spruce_planks":2,"minecraft:beef":13,"minecraft:jungle_sapling":2,"minecraft:melon_slice":10,"minecraft:sugar_cane":24,"minecraft:spruce_trapdoor":2,"minecraft:furnace":2,"minecraft:stick":16,"minecraft:raw_iron":13,"minecraft:sandstone":29,"minecraft:torch":78,"minecraft:acacia_log":14,"minecraft:porkchop":28,"minecraft:cherry_log":72,"minecraft:diorite":13,"minecraft:rotten_flesh":2,"minecraft:mutton":12,"minecraft:white_wool":8,"minecraft:cobblestone":232,"minecraft:pink_petals":85,"minecraft:andesite":3,"minecraft:jungle_log":22,"minecraft:leather":7,"minecraft:potato":7,"minecraft:oak_log":27,"minecraft:dirt":359,"minecraft:cooked_mutton":3,"minecraft:acacia_planks":7,"minecraft:kelp":8,"minecraft:wheat_seeds":11,"minecraft:iron_ingot":5,"minecraft:bamboo":23,"minecraft:acacia_sapling":6,"minecraft:oak_slab":2,"minecraft:gravel":1,"minecraft:sand":9,"minecraft:white_bed":4,"minecraft:cherry_wood":3,"minecraft:granite":10,"minecraft:cherry_sapling":19,"minecraft:gray_wool":2,"minecraft:oak_sapling":6,"minecraft:coal":130,"minecraft:ender_pearl":1},"minecraft:custom":{"minecraft:mob_kills":35,"minecraft:interact_with_crafting_table":34,"minecraft:open_barrel":21,"minecraft:time_since_death":106846,"minecraft:climb_one_cm":4039,"minecraft:sprint_one_cm":240363,"minecraft:walk_one_cm":226593,"minecraft:damage_blocked_by_shield":120,"minecraft:drop":26,"minecraft:play_time":106846,"minecraft:sneak_time":906,"minecraft:walk_under_water_one_cm":7656,"minecraft:boat_one_cm":79680,"minecraft:jump":1479,"minecraft:walk_on_water_one_cm":7481,"minecraft:total_world_time":106846,"minecraft:interact_with_furnace":29,"minecraft:sleep_in_bed":5,"minecraft:time_since_rest":5947,"minecraft:damage_taken":790,"minecraft:damage_dealt":4611,"minecraft:swim_one_cm":36189,"minecraft:fly_one_cm":277353,"minecraft:open_chest":11,"minecraft:crouch_one_cm":973,"minecraft:fall_one_cm":27295},"minecraft:used":{"minecraft:cherry_sapling":9,"minecraft:cherry_wood":3,"minecraft:stone_sword":1,"minecraft:iron_shovel":197,"minecraft:stone_shovel":171,"minecraft:chest":1,"minecraft:shield":2,"minecraft:rotten_flesh":1,"minecraft:torch":76,"minecraft:dirt":70,"minecraft:mutton":1,"minecraft:hopper":1,"minecraft:wooden_axe":71,"minecraft:iron_axe":76,"minecraft:barrel":2,"minecraft:furnace":4,"minecraft:cooked_beef":3,"minecraft:acacia_planks":19,"minecraft:cherry_log":33,"minecraft:pumpkin":1,"minecraft:cooked_mutton":9,"minecraft:acacia_boat":1,"minecraft:stone_pickaxe":420,"minecraft:wooden_pickaxe":18,"minecraft:composter":1,"minecraft:crafting_table":7,"minecraft:white_bed":5,"minecraft:iron_pickaxe":76,"minecraft:suspicious_stew":1,"minecraft:acacia_chest_boat":1,"minecraft:stone_axe":184,"minecraft:porkchop":7,"minecraft:bone_meal":15}},"DataVersion":3465}