{"stats":{"minecraft:crafted":{"minecraft:cooked_beef":10,"minecraft:wooden_sword":1,"minecraft:stone_shovel":2,"minecraft:cooked_porkchop":3,"minecraft:crafting_table":1,"minecraft:furnace":1,"minecraft:stone_axe":3,"minecraft:cooked_mutton":7,"minecraft:air":0,"minecraft:stick":36,"minecraft:stone_pickaxe":3,"minecraft:wooden_axe":1,"minecraft:stone_sword":2,"minecraft:white_bed":1,"minecraft:acacia_planks":56,"minecraft:torch":60},"minecraft:killed":{"minecraft:pig":13,"minecraft:sheep":9,"minecraft:donkey":1,"minecraft:zombie":2,"minecraft:enderman":2,"minecraft:cow":8},"minecraft:mined":{"minecraft:acacia_leaves":2,"minecraft:spruce_planks":6,"minecraft:white_bed":3,"minecraft:kelp_plant":3,"minecraft:jungle_leaves":28,"minecraft:crafting_table":3,"minecraft:spruce_trapdoor":1,"minecraft:torch":36,"minecraft:granite":7,"minecraft:acacia_log":14,"minecraft:grass_block":3,"minecraft:melon":2,"minecraft:jungle_log":22,"minecraft:tall_grass":19,"minecraft:copper_ore":10,"minecraft:oak_planks":4,"minecraft:kelp":1,"minecraft:sugar_cane":9,"minecraft:diorite":13,"minecraft:sandstone":56,"minecraft:wall_torch":3,"minecraft:spruce_stairs":3,"minecraft:tall_seagrass":1,"minecraft:furnace":2,"minecraft:iron_ore":13,"minecraft:spruce_log":2,"minecraft:andesite":3,"minecraft:grass":40,"minecraft:oak_log":27,"minecraft:coal_ore":115,"minecraft:vine":2,"minecraft:cocoa":2,"minecraft:oak_stairs":1,"minecraft:sand":29,"minecraft:dirt":5,"minecraft:bamboo":3,"minecraft:acacia_planks":7,"minecraft:stone":169,"minecraft:oak_leaves":16},"minecraft:dropped":{"minecraft:gravel":1,"minecraft:wheat_seeds":9,"minecraft:cooked_porkchop":3,"minecraft:rotten_flesh":1,"minecraft:granite":10,"minecraft:stick":3,"minecraft:gray_wool":2,"minecraft:diorite":13,"minecraft:spruce_trapdoor":1,"minecraft:oak_sapling":3,"minecraft:acacia_sapling":6,"minecraft:wooden_sword":1,"minecraft:sandstone":14,"minecraft:sand":9},"minecraft:broken":{"minecraft:stone_pickaxe":2,"minecraft:stone_axe":1,"minecraft:wooden_axe":1,"minecraft:wooden_pickaxe":1},"minecraft:picked_up":{"minecraft:cocoa_beans":6,"minecraft:crafting_table":3,"minecraft:jungle_log":22,"minecraft:andesite":3,"minecraft:leather":7,"minecraft:wooden_pickaxe":1,"minecraft:oak_log":27,"minecraft:dirt":26,"minecraft:raw_copper":32,"minecraft:acacia_planks":7,"minecraft:kelp":8,"minecraft:wheat_seeds":9,"minecraft:beef":13,"minecraft:spruce_trapdoor":2,"minecraft:jungle_sapling":2,"minecraft:bamboo":23,"minecraft:melon_slice":10,"minecraft:sugar_cane":24,"minecraft:acacia_sapling":6,"minecraft:furnace":2,"minecraft:sandstone":29,"minecraft:stick":3,"minecraft:raw_iron":13,"minecraft:torch":42,"minecraft:acacia_log":14,"minecraft:gravel":1,"minecraft:porkchop":28,"minecraft:sand":9,"minecraft:diorite":13,"minecraft:white_bed":3,"minecraft:rotten_flesh":2,"minecraft:granite":10,"minecraft:gray_wool":2,"minecraft:oak_sapling":6,"minecraft:coal":117,"minecraft:mutton":12,"minecraft:white_wool":8,"minecraft:cobblestone":169,"minecraft:ender_pearl":1},"minecraft:custom":{"minecraft:interact_with_furnace":19,"minecraft:mob_kills":35,"minecraft:interact_with_crafting_table":11,"minecraft:time_since_death":58846,"minecraft:sleep_in_bed":3,"minecraft:climb_one_cm":3821,"minecraft:time_since_rest":2297,"minecraft:sprint_one_cm":163121,"minecraft:damage_taken":485,"minecraft:walk_one_cm":132044,"minecraft:drop":18,"minecraft:damage_dealt":4611,"minecraft:swim_one_cm":16075,"minecraft:fly_one_cm":170384,"minecraft:open_chest":3,"minecraft:play_time":58846,"minecraft:sneak_time":51,"minecraft:walk_under_water_one_cm":3225,"minecraft:jump":906,"minecraft:walk_on_water_one_cm":2041,"minecraft:total_world_time":58846,"minecraft:fall_one_cm":19050},"minecraft:used":{"minecraft:cooked_mutton":4,"minecraft:stone_shovel":28,"minecraft:stone_pickaxe":400,"minecraft:wooden_pickaxe":18,"minecraft:rotten_flesh":1,"minecraft:torch":66,"minecraft:mutton":1,"minecraft:crafting_table":3,"minecraft:white_bed":3,"minecraft:wooden_axe":71,"minecraft:suspicious_stew":1,"minecraft:stone_axe":169,"minecraft:furnace":2,"minecraft:porkchop":7,"minecraft:cooked_beef":3,"minecraft:acacia_planks":18}},"DataVersion":3465}