{"stats":{"minecraft:crafted":{"minecraft:cherry_planks":136,"minecraft:wooden_sword":1,"minecraft:oak_planks":92,"minecraft:stone_shovel":6,"minecraft:barrel":2,"minecraft:cherry_wood":9,"minecraft:furnace":2,"minecraft:bone_meal":15,"minecraft:cooked_mutton":11,"minecraft:hopper":2,"minecraft:iron_axe":1,"minecraft:cherry_stairs":88,"minecraft:stone_pickaxe":3,"minecraft:chest":7,"minecraft:cooked_beef":14,"minecraft:oak_slab":12,"minecraft:cooked_porkchop":3,"minecraft:crafting_table":1,"minecraft:copper_ingot":32,"minecraft:stone_axe":3,"minecraft:acacia_boat":2,"minecraft:air":0,"minecraft:jungle_planks":8,"minecraft:shield":1,"minecraft:stick":60,"minecraft:iron_ingot":13,"minecraft:iron_pickaxe":1,"minecraft:wooden_axe":1,"minecraft:stone_sword":2,"minecraft:acacia_chest_boat":1,"minecraft:iron_shovel":1,"minecraft:white_bed":1,"minecraft:composter":1,"minecraft:acacia_planks":56,"minecraft:torch":60},"minecraft:killed":{"minecraft:pig":13,"minecraft:sheep":9,"minecraft:zombie":2,"minecraft:donkey":1,"minecraft:enderman":2,"minecraft:cow":8},"minecraft:mined":{"minecraft:spruce_planks":6,"minecraft:white_bed":4,"minecraft:cherry_log":79,"minecraft:cherry_sapling":2,"minecraft:jungle_leaves":28,"minecraft:dark_oak_log":4,"minecraft:spruce_trapdoor":1,"minecraft:granite":7,"minecraft:dark_oak_fence":5,"minecraft:acacia_log":14,"minecraft:grass_block":585,"minecraft:jungle_log":22,"minecraft:cherry_wood":3,"minecraft:kelp":1,"minecraft:oxeye_daisy":6,"minecraft:sandstone":67,"minecraft:tall_seagrass":1,"minecraft:furnace":2,"minecraft:iron_ore":13,"minecraft:andesite":3,"minecraft:azure_bluet":2,"minecraft:vine":2,"minecraft:oak_stairs":1,"minecraft:bamboo":3,"minecraft:stone":270,"minecraft:cherry_stairs":19,"minecraft:acacia_leaves":2,"minecraft:kelp_plant":3,"minecraft:dandelion":31,"minecraft:cornflower":8,"minecraft:crafting_table":6,"minecraft:torch":41,"minecraft:poppy":4,"minecraft:melon":2,"minecraft:chest":1,"minecraft:copper_ore":10,"minecraft:tall_grass":38,"minecraft:sugar_cane":9,"minecraft:oak_planks":4,"minecraft:diorite":13,"minecraft:wall_torch":4,"minecraft:pink_petals":26,"minecraft:spruce_stairs":3,"minecraft:spruce_log":2,"minecraft:grass":158,"minecraft:coal_ore":128,"minecraft:oak_log":42,"minecraft:cocoa":2,"minecraft:cherry_leaves":1,"minecraft:sand":41,"minecraft:dirt":342,"minecraft:acacia_planks":7,"minecraft:oak_leaves":17},"minecraft:dropped":{"minecraft:oak_slab":2,"minecraft:wheat_seeds":9,"minecraft:cooked_porkchop":3,"minecraft:granite":10,"minecraft:stick":3,"minecraft:dirt":67,"minecraft:gray_wool":2,"minecraft:diorite":13,"minecraft:torch":31,"minecraft:wooden_sword":1,"minecraft:sand":9,"minecraft:gravel":1,"minecraft:stone_axe":1,"minecraft:stone_shovel":1,"minecraft:rotten_flesh":1,"minecraft:cooked_mutton":3,"minecraft:potato":7,"minecraft:spruce_trapdoor":1,"minecraft:acacia_sapling":6,"minecraft:oak_sapling":3,"minecraft:sandstone":14},"minecraft:broken":{"minecraft:iron_shovel":1,"minecraft:wooden_pickaxe":1,"minecraft:stone_pickaxe":2,"minecraft:stone_axe":1,"minecraft:wooden_axe":1,"minecraft:stone_shovel":4},"minecraft:picked_up":{"minecraft:cocoa_beans":6,"minecraft:crafting_table":6,"minecraft:azure_bluet":2,"minecraft:wooden_pickaxe":1,"minecraft:cornflower":8,"minecraft:raw_copper":32,"minecraft:spruce_planks":2,"minecraft:beef":13,"minecraft:jungle_sapling":2,"minecraft:poppy":4,"minecraft:chest":1,"minecraft:melon_slice":10,"minecraft:sugar_cane":24,"minecraft:spruce_trapdoor":2,"minecraft:furnace":2,"minecraft:stick":18,"minecraft:raw_iron":13,"minecraft:sandstone":29,"minecraft:cherry_stairs":19,"minecraft:torch":83,"minecraft:acacia_log":14,"minecraft:porkchop":28,"minecraft:cherry_log":79,"minecraft:diorite":13,"minecraft:rotten_flesh":2,"minecraft:mutton":12,"minecraft:white_wool":8,"minecraft:cobblestone":259,"minecraft:oxeye_daisy":6,"minecraft:pink_petals":164,"minecraft:andesite":3,"minecraft:jungle_log":22,"minecraft:leather":7,"minecraft:potato":7,"minecraft:oak_log":42,"minecraft:dirt":931,"minecraft:cooked_mutton":3,"minecraft:acacia_planks":7,"minecraft:kelp":8,"minecraft:wheat_seeds":32,"minecraft:iron_ingot":5,"minecraft:bamboo":23,"minecraft:acacia_sapling":6,"minecraft:oak_slab":2,"minecraft:dandelion":31,"minecraft:gravel":1,"minecraft:sand":9,"minecraft:white_bed":4,"minecraft:grass_block":3,"minecraft:cherry_wood":3,"minecraft:granite":10,"minecraft:cherry_sapling":25,"minecraft:gray_wool":2,"minecraft:oak_sapling":7,"minecraft:coal":130,"minecraft:ender_pearl":1},"minecraft:custom":{"minecraft:mob_kills":35,"minecraft:interact_with_crafting_table":41,"minecraft:open_barrel":40,"minecraft:time_since_death":154846,"minecraft:climb_one_cm":4039,"minecraft:sprint_one_cm":281369,"minecraft:walk_one_cm":363683,"minecraft:damage_blocked_by_shield":120,"minecraft:drop":26,"minecraft:play_time":154846,"minecraft:sneak_time":7364,"minecraft:walk_under_water_one_cm":8122,"minecraft:boat_one_cm":79680,"minecraft:jump":2003,"minecraft:walk_on_water_one_cm":7885,"minecraft:total_world_time":154846,"minecraft:interact_with_furnace":34,"minecraft:sleep_in_bed":6,"minecraft:time_since_rest":38846,"minecraft:damage_taken":1130,"minecraft:damage_dealt":4742,"minecraft:swim_one_cm":36189,"minecraft:fly_one_cm":318235,"minecraft:open_chest":31,"minecraft:crouch_one_cm":12397,"minecraft:interact_with_smoker":1,"minecraft:fall_one_cm":39227},"minecraft:used":{"minecraft:cherry_sapling":10,"minecraft:cherry_wood":12,"minecraft:stone_sword":111,"minecraft:iron_shovel":253,"minecraft:stone_shovel":686,"minecraft:chest":5,"minecraft:shield":2,"minecraft:rotten_flesh":1,"minecraft:torch":108,"minecraft:dirt":596,"minecraft:mutton":1,"minecraft:hopper":2,"minecraft:wooden_axe":71,"minecraft:iron_axe":126,"minecraft:barrel":2,"minecraft:furnace":4,"minecraft:cooked_beef":5,"minecraft:acacia_planks":19,"minecraft:cherry_log":33,"minecraft:pumpkin":1,"minecraft:cooked_mutton":11,"minecraft:acacia_boat":1,"minecraft:stone_pickaxe":420,"minecraft:wooden_pickaxe":18,"minecraft:cherry_planks":4,"minecraft:composter":1,"minecraft:crafting_table":7,"minecraft:white_bed":5,"minecraft:iron_pickaxe":107,"minecraft:suspicious_stew":1,"minecraft:acacia_chest_boat":1,"minecraft:stone_axe":184,"minecraft:cherry_stairs":64,"minecraft:porkchop":7,"minecraft:bone_meal":15}},"DataVersion":3465}