{"stats":{"minecraft:crafted":{"minecraft:cooked_beef":10,"minecraft:wooden_sword":1,"minecraft:stone_shovel":2,"minecraft:cooked_porkchop":3,"minecraft:crafting_table":1,"minecraft:furnace":1,"minecraft:stone_axe":3,"minecraft:cooked_mutton":7,"minecraft:air":0,"minecraft:stick":36,"minecraft:stone_pickaxe":3,"minecraft:wooden_axe":1,"minecraft:stone_sword":2,"minecraft:white_bed":1,"minecraft:acacia_planks":56,"minecraft:torch":60},"minecraft:killed":{"minecraft:pig":13,"minecraft:sheep":9,"minecraft:donkey":1,"minecraft:zombie":2,"minecraft:enderman":2,"minecraft:cow":8},"minecraft:mined":{"minecraft:acacia_leaves":2,"minecraft:white_bed":2,"minecraft:jungle_leaves":1,"minecraft:crafting_table":3,"minecraft:torch":36,"minecraft:granite":7,"minecraft:acacia_log":14,"minecraft:grass_block":3,"minecraft:jungle_log":8,"minecraft:tall_grass":19,"minecraft:copper_ore":10,"minecraft:sugar_cane":9,"minecraft:diorite":13,"minecraft:sandstone":2,"minecraft:wall_torch":3,"minecraft:furnace":2,"minecraft:iron_ore":13,"minecraft:andesite":3,"minecraft:grass":40,"minecraft:oak_log":27,"minecraft:coal_ore":115,"minecraft:cocoa":1,"minecraft:sand":5,"minecraft:dirt":5,"minecraft:bamboo":1,"minecraft:acacia_planks":7,"minecraft:stone":165,"minecraft:oak_leaves":1},"minecraft:dropped":{"minecraft:gravel":1,"minecraft:cooked_porkchop":3,"minecraft:rotten_flesh":1,"minecraft:stick":2,"minecraft:gray_wool":2,"minecraft:acacia_sapling":6,"minecraft:wooden_sword":1},"minecraft:broken":{"minecraft:stone_pickaxe":2,"minecraft:stone_axe":1,"minecraft:wooden_pickaxe":1},"minecraft:picked_up":{"minecraft:crafting_table":3,"minecraft:jungle_log":8,"minecraft:andesite":3,"minecraft:leather":7,"minecraft:wooden_pickaxe":1,"minecraft:oak_log":27,"minecraft:dirt":26,"minecraft:raw_copper":32,"minecraft:acacia_planks":7,"minecraft:wheat_seeds":9,"minecraft:beef":13,"minecraft:bamboo":16,"minecraft:sugar_cane":24,"minecraft:acacia_sapling":6,"minecraft:furnace":2,"minecraft:stick":2,"minecraft:raw_iron":13,"minecraft:torch":42,"minecraft:acacia_log":14,"minecraft:gravel":1,"minecraft:porkchop":28,"minecraft:sand":9,"minecraft:diorite":13,"minecraft:white_bed":2,"minecraft:rotten_flesh":2,"minecraft:granite":10,"minecraft:gray_wool":2,"minecraft:coal":117,"minecraft:mutton":12,"minecraft:white_wool":8,"minecraft:cobblestone":169,"minecraft:ender_pearl":1},"minecraft:custom":{"minecraft:interact_with_furnace":19,"minecraft:mob_kills":35,"minecraft:interact_with_crafting_table":11,"minecraft:time_since_death":46846,"minecraft:sleep_in_bed":2,"minecraft:climb_one_cm":1078,"minecraft:time_since_rest":6115,"minecraft:sprint_one_cm":143897,"minecraft:damage_taken":335,"minecraft:walk_one_cm":109387,"minecraft:drop":10,"minecraft:damage_dealt":4498,"minecraft:swim_one_cm":7142,"minecraft:fly_one_cm":144765,"minecraft:play_time":46846,"minecraft:sneak_time":43,"minecraft:walk_under_water_one_cm":2166,"minecraft:jump":712,"minecraft:walk_on_water_one_cm":1156,"minecraft:total_world_time":46846,"minecraft:fall_one_cm":13020},"minecraft:used":{"minecraft:cooked_mutton":3,"minecraft:stone_shovel":5,"minecraft:stone_pickaxe":341,"minecraft:wooden_pickaxe":18,"minecraft:rotten_flesh":1,"minecraft:torch":55,"minecraft:mutton":1,"minecraft:crafting_table":3,"minecraft:white_bed":2,"minecraft:wooden_axe":60,"minecraft:stone_axe":119,"minecraft:furnace":2,"minecraft:porkchop":7,"minecraft:cooked_beef":3,"minecraft:acacia_planks":18}},"DataVersion":3465}