{"stats":{"minecraft:crafted":{"minecraft:cooked_beef":10,"minecraft:wooden_sword":1,"minecraft:stone_shovel":2,"minecraft:cooked_porkchop":3,"minecraft:crafting_table":1,"minecraft:furnace":1,"minecraft:stone_axe":3,"minecraft:cooked_mutton":7,"minecraft:air":0,"minecraft:stick":36,"minecraft:stone_pickaxe":3,"minecraft:wooden_axe":1,"minecraft:stone_sword":2,"minecraft:white_bed":1,"minecraft:acacia_planks":56,"minecraft:torch":60},"minecraft:killed":{"minecraft:pig":4,"minecraft:sheep":9,"minecraft:donkey":1,"minecraft:zombie":2,"minecraft:enderman":2,"minecraft:cow":4},"minecraft:dropped":{"minecraft:cooked_porkchop":3,"minecraft:rotten_flesh":1,"minecraft:wooden_sword":1},"minecraft:mined":{"minecraft:acacia_leaves":2,"minecraft:white_bed":1,"minecraft:crafting_table":3,"minecraft:torch":14,"minecraft:granite":7,"minecraft:acacia_log":14,"minecraft:grass_block":3,"minecraft:tall_grass":15,"minecraft:copper_ore":9,"minecraft:sugar_cane":9,"minecraft:diorite":13,"minecraft:wall_torch":1,"minecraft:furnace":2,"minecraft:iron_ore":8,"minecraft:andesite":2,"minecraft:grass":25,"minecraft:oak_log":22,"minecraft:coal_ore":46,"minecraft:dirt":5,"minecraft:acacia_planks":7,"minecraft:stone":154},"minecraft:broken":{"minecraft:stone_pickaxe":1,"minecraft:wooden_pickaxe":1},"minecraft:picked_up":{"minecraft:crafting_table":3,"minecraft:andesite":2,"minecraft:leather":4,"minecraft:wooden_pickaxe":1,"minecraft:oak_log":22,"minecraft:dirt":26,"minecraft:raw_copper":30,"minecraft:acacia_planks":7,"minecraft:wheat_seeds":7,"minecraft:beef":9,"minecraft:sugar_cane":24,"minecraft:acacia_sapling":6,"minecraft:furnace":2,"minecraft:stick":2,"minecraft:raw_iron":8,"minecraft:torch":18,"minecraft:acacia_log":14,"minecraft:gravel":1,"minecraft:porkchop":11,"minecraft:diorite":13,"minecraft:white_bed":1,"minecraft:rotten_flesh":2,"minecraft:granite":10,"minecraft:gray_wool":1,"minecraft:coal":48,"minecraft:mutton":12,"minecraft:white_wool":8,"minecraft:cobblestone":158,"minecraft:ender_pearl":1},"minecraft:custom":{"minecraft:interact_with_furnace":19,"minecraft:mob_kills":22,"minecraft:interact_with_crafting_table":11,"minecraft:time_since_death":34846,"minecraft:sleep_in_bed":1,"minecraft:time_since_rest":16368,"minecraft:sprint_one_cm":95814,"minecraft:damage_taken":335,"minecraft:walk_one_cm":87177,"minecraft:drop":5,"minecraft:damage_dealt":3198,"minecraft:swim_one_cm":7142,"minecraft:fly_one_cm":89819,"minecraft:play_time":34846,"minecraft:sneak_time":43,"minecraft:walk_under_water_one_cm":2166,"minecraft:jump":427,"minecraft:walk_on_water_one_cm":1156,"minecraft:total_world_time":34846,"minecraft:fall_one_cm":9049},"minecraft:used":{"minecraft:cooked_mutton":1,"minecraft:stone_pickaxe":233,"minecraft:wooden_pickaxe":18,"minecraft:rotten_flesh":1,"minecraft:torch":47,"minecraft:mutton":1,"minecraft:crafting_table":3,"minecraft:white_bed":1,"minecraft:wooden_axe":48,"minecraft:stone_axe":78,"minecraft:furnace":2,"minecraft:porkchop":7,"minecraft:cooked_beef":3,"minecraft:acacia_planks":14}},"DataVersion":3465}