{"stats":{"minecraft:crafted":{"minecraft:cooked_beef":10,"minecraft:wooden_sword":1,"minecraft:cooked_porkchop":3,"minecraft:crafting_table":1,"minecraft:stick":8,"minecraft:stone_pickaxe":1,"minecraft:wooden_axe":1,"minecraft:furnace":1,"minecraft:white_bed":1,"minecraft:acacia_planks":56,"minecraft:torch":12,"minecraft:stone_axe":1,"minecraft:cooked_mutton":7,"minecraft:air":0},"minecraft:killed":{"minecraft:sheep":9,"minecraft:donkey":1,"minecraft:zombie":1,"minecraft:pig":4,"minecraft:cow":4},"minecraft:dropped":{"minecraft:cooked_porkchop":3,"minecraft:wooden_sword":1},"minecraft:mined":{"minecraft:acacia_leaves":2,"minecraft:white_bed":1,"minecraft:furnace":2,"minecraft:crafting_table":2,"minecraft:grass":25,"minecraft:acacia_log":14,"minecraft:coal_ore":28,"minecraft:grass_block":3,"minecraft:oak_log":22,"minecraft:dirt":3,"minecraft:copper_ore":9,"minecraft:tall_grass":15,"minecraft:acacia_planks":7,"minecraft:stone":24,"minecraft:sugar_cane":9},"minecraft:broken":{"minecraft:wooden_pickaxe":1},"minecraft:picked_up":{"minecraft:stick":2,"minecraft:crafting_table":2,"minecraft:leather":4,"minecraft:wooden_pickaxe":1,"minecraft:acacia_log":14,"minecraft:porkchop":11,"minecraft:oak_log":22,"minecraft:white_bed":1,"minecraft:dirt":23,"minecraft:raw_copper":29,"minecraft:acacia_planks":7,"minecraft:rotten_flesh":2,"minecraft:wheat_seeds":7,"minecraft:beef":9,"minecraft:gray_wool":1,"minecraft:acacia_sapling":6,"minecraft:sugar_cane":24,"minecraft:mutton":12,"minecraft:coal":30,"minecraft:white_wool":8,"minecraft:cobblestone":24,"minecraft:furnace":2},"minecraft:custom":{"minecraft:time_since_rest":4368,"minecraft:interact_with_furnace":19,"minecraft:sprint_one_cm":70178,"minecraft:damage_taken":275,"minecraft:walk_one_cm":41947,"minecraft:mob_kills":19,"minecraft:drop":4,"minecraft:damage_dealt":2071,"minecraft:swim_one_cm":7142,"minecraft:interact_with_crafting_table":9,"minecraft:fly_one_cm":83954,"minecraft:play_time":22846,"minecraft:walk_under_water_one_cm":2166,"minecraft:jump":339,"minecraft:walk_on_water_one_cm":1156,"minecraft:time_since_death":22846,"minecraft:sleep_in_bed":1,"minecraft:total_world_time":22846,"minecraft:fall_one_cm":8511},"minecraft:used":{"minecraft:wooden_axe":48,"minecraft:stone_pickaxe":46,"minecraft:wooden_pickaxe":18,"minecraft:rotten_flesh":1,"minecraft:torch":4,"minecraft:stone_axe":60,"minecraft:mutton":1,"minecraft:crafting_table":2,"minecraft:furnace":2,"minecraft:porkchop":7,"minecraft:white_bed":1,"minecraft:cooked_beef":3,"minecraft:acacia_planks":9}},"DataVersion":3465}