{"stats":{"minecraft:crafted":{"minecraft:cooked_beef":14,"minecraft:wooden_sword":1,"minecraft:oak_planks":4,"minecraft:stone_shovel":2,"minecraft:cooked_porkchop":3,"minecraft:crafting_table":1,"minecraft:furnace":1,"minecraft:acacia_boat":2,"minecraft:stone_axe":3,"minecraft:cooked_mutton":7,"minecraft:air":0,"minecraft:jungle_planks":8,"minecraft:shield":1,"minecraft:stick":36,"minecraft:iron_ingot":13,"minecraft:stone_pickaxe":3,"minecraft:wooden_axe":1,"minecraft:acacia_chest_boat":1,"minecraft:stone_sword":2,"minecraft:chest":1,"minecraft:white_bed":1,"minecraft:acacia_planks":56,"minecraft:torch":60},"minecraft:killed":{"minecraft:pig":13,"minecraft:sheep":9,"minecraft:donkey":1,"minecraft:zombie":2,"minecraft:enderman":2,"minecraft:cow":8},"minecraft:mined":{"minecraft:acacia_leaves":2,"minecraft:spruce_planks":6,"minecraft:white_bed":3,"minecraft:kelp_plant":3,"minecraft:jungle_leaves":28,"minecraft:dark_oak_log":4,"minecraft:crafting_table":4,"minecraft:spruce_trapdoor":1,"minecraft:torch":36,"minecraft:dark_oak_fence":5,"minecraft:granite":7,"minecraft:acacia_log":14,"minecraft:grass_block":3,"minecraft:melon":2,"minecraft:jungle_log":22,"minecraft:tall_grass":19,"minecraft:copper_ore":10,"minecraft:oak_planks":4,"minecraft:kelp":1,"minecraft:sugar_cane":9,"minecraft:diorite":13,"minecraft:sandstone":67,"minecraft:wall_torch":4,"minecraft:spruce_stairs":3,"minecraft:tall_seagrass":1,"minecraft:furnace":2,"minecraft:iron_ore":13,"minecraft:spruce_log":2,"minecraft:andesite":3,"minecraft:grass":40,"minecraft:oak_log":27,"minecraft:coal_ore":115,"minecraft:vine":2,"minecraft:cocoa":2,"minecraft:oak_stairs":1,"minecraft:sand":41,"minecraft:dirt":5,"minecraft:bamboo":3,"minecraft:acacia_planks":7,"minecraft:stone":178,"minecraft:oak_leaves":16},"minecraft:dropped":{"minecraft:gravel":1,"minecraft:wheat_seeds":9,"minecraft:cooked_porkchop":3,"minecraft:rotten_flesh":1,"minecraft:granite":10,"minecraft:cooked_mutton":3,"minecraft:stick":3,"minecraft:gray_wool":2,"minecraft:diorite":13,"minecraft:spruce_trapdoor":1,"minecraft:oak_sapling":3,"minecraft:acacia_sapling":6,"minecraft:wooden_sword":1,"minecraft:sandstone":14,"minecraft:sand":9},"minecraft:broken":{"minecraft:stone_pickaxe":2,"minecraft:stone_axe":1,"minecraft:wooden_axe":1,"minecraft:wooden_pickaxe":1},"minecraft:picked_up":{"minecraft:cocoa_beans":6,"minecraft:crafting_table":4,"minecraft:jungle_log":22,"minecraft:andesite":3,"minecraft:leather":7,"minecraft:wooden_pickaxe":1,"minecraft:oak_log":27,"minecraft:dirt":26,"minecraft:raw_copper":32,"minecraft:cooked_mutton":3,"minecraft:acacia_planks":7,"minecraft:kelp":8,"minecraft:wheat_seeds":9,"minecraft:spruce_planks":2,"minecraft:beef":13,"minecraft:spruce_trapdoor":2,"minecraft:jungle_sapling":2,"minecraft:bamboo":23,"minecraft:melon_slice":10,"minecraft:sugar_cane":24,"minecraft:acacia_sapling":6,"minecraft:furnace":2,"minecraft:sandstone":29,"minecraft:stick":3,"minecraft:raw_iron":13,"minecraft:torch":44,"minecraft:acacia_log":14,"minecraft:gravel":1,"minecraft:porkchop":28,"minecraft:sand":9,"minecraft:diorite":13,"minecraft:white_bed":3,"minecraft:rotten_flesh":2,"minecraft:granite":10,"minecraft:gray_wool":2,"minecraft:oak_sapling":6,"minecraft:coal":117,"minecraft:mutton":12,"minecraft:white_wool":8,"minecraft:cobblestone":169,"minecraft:ender_pearl":1},"minecraft:custom":{"minecraft:interact_with_furnace":27,"minecraft:mob_kills":35,"minecraft:interact_with_crafting_table":16,"minecraft:time_since_death":70846,"minecraft:sleep_in_bed":3,"minecraft:climb_one_cm":4039,"minecraft:time_since_rest":14297,"minecraft:sprint_one_cm":180974,"minecraft:damage_taken":590,"minecraft:walk_one_cm":143100,"minecraft:drop":19,"minecraft:damage_dealt":4611,"minecraft:swim_one_cm":21932,"minecraft:fly_one_cm":184055,"minecraft:open_chest":4,"minecraft:crouch_one_cm":174,"minecraft:play_time":70846,"minecraft:sneak_time":79,"minecraft:walk_under_water_one_cm":4421,"minecraft:boat_one_cm":79680,"minecraft:jump":986,"minecraft:walk_on_water_one_cm":3827,"minecraft:total_world_time":70846,"minecraft:fall_one_cm":19259},"minecraft:used":{"minecraft:cooked_mutton":6,"minecraft:acacia_boat":1,"minecraft:stone_shovel":38,"minecraft:stone_pickaxe":420,"minecraft:wooden_pickaxe":18,"minecraft:rotten_flesh":1,"minecraft:torch":70,"minecraft:mutton":1,"minecraft:crafting_table":5,"minecraft:white_bed":3,"minecraft:wooden_axe":71,"minecraft:suspicious_stew":1,"minecraft:acacia_chest_boat":1,"minecraft:stone_axe":179,"minecraft:furnace":3,"minecraft:porkchop":7,"minecraft:cooked_beef":3,"minecraft:acacia_planks":19}},"DataVersion":3465}