{"stats":{"minecraft:crafted":{"minecraft:cooked_beef":1,"minecraft:wooden_sword":1,"minecraft:cooked_porkchop":3,"minecraft:crafting_table":1,"minecraft:stick":8,"minecraft:stone_pickaxe":1,"minecraft:wooden_axe":1,"minecraft:furnace":1,"minecraft:acacia_planks":32,"minecraft:stone_axe":1,"minecraft:air":0},"minecraft:killed":{"minecraft:sheep":1,"minecraft:donkey":1,"minecraft:zombie":1,"minecraft:pig":4},"minecraft:dropped":{"minecraft:cooked_porkchop":3,"minecraft:wooden_sword":1},"minecraft:mined":{"minecraft:furnace":1,"minecraft:crafting_table":1,"minecraft:grass":21,"minecraft:acacia_log":8,"minecraft:grass_block":2,"minecraft:oak_log":4,"minecraft:dirt":3,"minecraft:tall_grass":6,"minecraft:stone":18,"minecraft:sugar_cane":9},"minecraft:broken":{"minecraft:wooden_pickaxe":1},"minecraft:picked_up":{"minecraft:stick":2,"minecraft:crafting_table":1,"minecraft:wooden_pickaxe":1,"minecraft:acacia_log":8,"minecraft:porkchop":11,"minecraft:oak_log":4,"minecraft:dirt":22,"minecraft:rotten_flesh":2,"minecraft:wheat_seeds":6,"minecraft:sugar_cane":24,"minecraft:mutton":1,"minecraft:coal":2,"minecraft:white_wool":1,"minecraft:cobblestone":18,"minecraft:furnace":1},"minecraft:custom":{"minecraft:time_since_rest":10846,"minecraft:interact_with_furnace":10,"minecraft:sprint_one_cm":38118,"minecraft:damage_taken":260,"minecraft:walk_one_cm":22367,"minecraft:mob_kills":7,"minecraft:drop":4,"minecraft:damage_dealt":1031,"minecraft:swim_one_cm":6500,"minecraft:interact_with_crafting_table":5,"minecraft:fly_one_cm":40212,"minecraft:play_time":10846,"minecraft:walk_under_water_one_cm":1977,"minecraft:jump":157,"minecraft:walk_on_water_one_cm":956,"minecraft:time_since_death":10846,"minecraft:total_world_time":10846,"minecraft:fall_one_cm":3526},"minecraft:used":{"minecraft:wooden_axe":48,"minecraft:stone_pickaxe":1,"minecraft:wooden_pickaxe":18,"minecraft:rotten_flesh":1,"minecraft:mutton":1,"minecraft:crafting_table":1,"minecraft:furnace":1,"minecraft:porkchop":7,"minecraft:cooked_beef":1,"minecraft:acacia_planks":2}},"DataVersion":3465}