{"stats":{"minecraft:crafted":{"minecraft:cooked_beef":10,"minecraft:oak_planks":24,"minecraft:stone_shovel":1,"minecraft:crafting_table":3,"minecraft:acacia_pressure_plate":1,"minecraft:wooden_pickaxe":2,"minecraft:furnace":2,"minecraft:stone_axe":2,"minecraft:cooked_mutton":1,"minecraft:air":0,"minecraft:oak_boat":1,"minecraft:stick":24,"minecraft:stone_pickaxe":2,"minecraft:wooden_axe":1,"minecraft:stone_sword":1,"minecraft:acacia_planks":92,"minecraft:stone_hoe":1},"minecraft:killed":{"minecraft:pig":5,"minecraft:sheep":7,"minecraft:zombie":1,"minecraft:chicken":1,"minecraft:drowned":2,"minecraft:cow":9},"minecraft:killed_by":{"minecraft:skeleton":1,"minecraft:drowned":2},"minecraft:dropped":{"minecraft:wheat_seeds":2},"minecraft:mined":{"minecraft:acacia_leaves":7,"minecraft:jungle_leaves":1,"minecraft:crafting_table":6,"minecraft:acacia_log":32,"minecraft:grass_block":9,"minecraft:melon":6,"minecraft:tall_grass":21,"minecraft:copper_ore":4,"minecraft:sugar_cane":5,"minecraft:acacia_pressure_plate":2,"minecraft:furnace":1,"minecraft:pumpkin":1,"minecraft:grass":34,"minecraft:oak_log":22,"minecraft:coal_ore":17,"minecraft:cocoa":1,"minecraft:gravel":11,"minecraft:dirt":21,"minecraft:bamboo":1,"minecraft:acacia_planks":5,"minecraft:stone":63,"minecraft:oak_leaves":4},"minecraft:picked_up":{"minecraft:cocoa_beans":3,"minecraft:crafting_table":6,"minecraft:feather":2,"minecraft:chicken":1,"minecraft:leather":9,"minecraft:acacia_pressure_plate":2,"minecraft:flint":3,"minecraft:oak_log":22,"minecraft:dirt":30,"minecraft:raw_copper":12,"minecraft:acacia_planks":5,"minecraft:wheat_seeds":7,"minecraft:beef":22,"minecraft:bamboo":5,"minecraft:sugar_cane":9,"minecraft:melon_slice":30,"minecraft:acacia_sapling":1,"minecraft:furnace":1,"minecraft:stick":2,"minecraft:pumpkin":1,"minecraft:acacia_log":32,"minecraft:gravel":8,"minecraft:porkchop":7,"minecraft:rotten_flesh":1,"minecraft:gray_wool":2,"minecraft:oak_sapling":1,"minecraft:mutton":10,"minecraft:coal":17,"minecraft:white_wool":5,"minecraft:cobblestone":63},"minecraft:custom":{"minecraft:interact_with_furnace":9,"minecraft:mob_kills":25,"minecraft:interact_with_crafting_table":11,"minecraft:leave_game":4,"minecraft:time_since_death":3251,"minecraft:climb_one_cm":2259,"minecraft:time_since_rest":3306,"minecraft:sprint_one_cm":126175,"minecraft:damage_taken":950,"minecraft:walk_one_cm":38590,"minecraft:drop":2,"minecraft:damage_dealt":2725,"minecraft:swim_one_cm":34237,"minecraft:fly_one_cm":150936,"minecraft:crouch_one_cm":7802,"minecraft:play_time":49036,"minecraft:deaths":3,"minecraft:sneak_time":3985,"minecraft:walk_under_water_one_cm":2148,"minecraft:boat_one_cm":12094,"minecraft:jump":779,"minecraft:walk_on_water_one_cm":11388,"minecraft:total_world_time":49036,"minecraft:fall_one_cm":17349},"minecraft:used":{"minecraft:cooked_mutton":1,"minecraft:stone_sword":9,"minecraft:stone_pickaxe":85,"minecraft:stone_shovel":15,"minecraft:wooden_pickaxe":9,"minecraft:dirt":26,"minecraft:crafting_table":6,"minecraft:wooden_axe":19,"minecraft:melon_slice":9,"minecraft:gravel":5,"minecraft:stone_axe":93,"minecraft:acacia_pressure_plate":2,"minecraft:furnace":1,"minecraft:oak_boat":1,"minecraft:cooked_beef":2,"minecraft:acacia_planks":5}},"DataVersion":3465}