{"stats":{"minecraft:crafted":{"minecraft:cooked_beef":10,"minecraft:oak_planks":24,"minecraft:stone_shovel":1,"minecraft:crafting_table":3,"minecraft:acacia_pressure_plate":1,"minecraft:wooden_pickaxe":2,"minecraft:furnace":1,"minecraft:stone_axe":2,"minecraft:cooked_mutton":1,"minecraft:air":0,"minecraft:stick":24,"minecraft:stone_pickaxe":2,"minecraft:wooden_axe":1,"minecraft:stone_sword":1,"minecraft:acacia_planks":84,"minecraft:stone_hoe":1},"minecraft:killed":{"minecraft:sheep":2,"minecraft:zombie":1,"minecraft:chicken":1,"minecraft:drowned":2,"minecraft:cow":5},"minecraft:killed_by":{"minecraft:skeleton":1,"minecraft:drowned":1},"minecraft:dropped":{"minecraft:wheat_seeds":2},"minecraft:mined":{"minecraft:acacia_leaves":7,"minecraft:crafting_table":5,"minecraft:acacia_log":30,"minecraft:grass_block":3,"minecraft:tall_grass":20,"minecraft:sugar_cane":3,"minecraft:acacia_pressure_plate":2,"minecraft:furnace":1,"minecraft:pumpkin":1,"minecraft:grass":26,"minecraft:coal_ore":14,"minecraft:oak_log":22,"minecraft:gravel":7,"minecraft:dirt":16,"minecraft:acacia_planks":5,"minecraft:stone":63,"minecraft:oak_leaves":2},"minecraft:picked_up":{"minecraft:crafting_table":5,"minecraft:feather":2,"minecraft:chicken":1,"minecraft:leather":6,"minecraft:acacia_pressure_plate":2,"minecraft:flint":2,"minecraft:oak_log":22,"minecraft:dirt":19,"minecraft:acacia_planks":5,"minecraft:wheat_seeds":6,"minecraft:beef":13,"minecraft:sugar_cane":5,"minecraft:acacia_sapling":1,"minecraft:furnace":1,"minecraft:stick":2,"minecraft:pumpkin":1,"minecraft:acacia_log":30,"minecraft:gravel":5,"minecraft:rotten_flesh":1,"minecraft:oak_sapling":1,"minecraft:mutton":3,"minecraft:coal":14,"minecraft:white_wool":2,"minecraft:cobblestone":63},"minecraft:custom":{"minecraft:interact_with_furnace":9,"minecraft:mob_kills":11,"minecraft:interact_with_crafting_table":10,"minecraft:leave_game":2,"minecraft:time_since_death":5745,"minecraft:climb_one_cm":152,"minecraft:time_since_rest":5783,"minecraft:sprint_one_cm":86893,"minecraft:damage_taken":660,"minecraft:walk_one_cm":23095,"minecraft:drop":2,"minecraft:damage_dealt":1425,"minecraft:swim_one_cm":31053,"minecraft:fly_one_cm":111801,"minecraft:crouch_one_cm":7422,"minecraft:play_time":37453,"minecraft:deaths":2,"minecraft:sneak_time":3758,"minecraft:walk_under_water_one_cm":2021,"minecraft:jump":503,"minecraft:walk_on_water_one_cm":8547,"minecraft:total_world_time":37453,"minecraft:fall_one_cm":10057},"minecraft:used":{"minecraft:cooked_mutton":1,"minecraft:stone_sword":1,"minecraft:stone_pickaxe":78,"minecraft:wooden_pickaxe":9,"minecraft:dirt":19,"minecraft:crafting_table":5,"minecraft:wooden_axe":19,"minecraft:gravel":5,"minecraft:stone_axe":58,"minecraft:acacia_pressure_plate":2,"minecraft:furnace":1,"minecraft:cooked_beef":2,"minecraft:acacia_planks":5}},"DataVersion":3465}