{"stats":{"minecraft:crafted":{"minecraft:cooked_beef":10,"minecraft:crafting_table":1,"minecraft:acacia_pressure_plate":1,"minecraft:stick":8,"minecraft:wooden_pickaxe":1,"minecraft:stone_pickaxe":1,"minecraft:furnace":1,"minecraft:acacia_planks":48,"minecraft:stone_axe":1,"minecraft:cooked_mutton":1,"minecraft:air":0},"minecraft:killed":{"minecraft:sheep":1,"minecraft:zombie":1,"minecraft:cow":4},"minecraft:mined":{"minecraft:acacia_leaves":7,"minecraft:furnace":1,"minecraft:crafting_table":3,"minecraft:grass":9,"minecraft:acacia_log":18,"minecraft:oak_log":16,"minecraft:grass_block":2,"minecraft:coal_ore":14,"minecraft:gravel":7,"minecraft:dirt":3,"minecraft:tall_grass":11,"minecraft:acacia_planks":3,"minecraft:stone":43,"minecraft:acacia_pressure_plate":2,"minecraft:sugar_cane":1},"minecraft:picked_up":{"minecraft:stick":2,"minecraft:crafting_table":3,"minecraft:leather":6,"minecraft:acacia_log":18,"minecraft:gravel":5,"minecraft:acacia_pressure_plate":2,"minecraft:flint":2,"minecraft:oak_log":16,"minecraft:dirt":5,"minecraft:acacia_planks":3,"minecraft:wheat_seeds":2,"minecraft:beef":10,"minecraft:oak_sapling":1,"minecraft:sugar_cane":2,"minecraft:mutton":1,"minecraft:acacia_sapling":1,"minecraft:coal":14,"minecraft:white_wool":1,"minecraft:cobblestone":43,"minecraft:furnace":1},"minecraft:custom":{"minecraft:time_since_rest":25749,"minecraft:interact_with_furnace":9,"minecraft:sprint_one_cm":46580,"minecraft:damage_taken":30,"minecraft:walk_one_cm":13405,"minecraft:mob_kills":6,"minecraft:damage_dealt":681,"minecraft:swim_one_cm":26741,"minecraft:interact_with_crafting_table":6,"minecraft:fly_one_cm":53914,"minecraft:crouch_one_cm":1759,"minecraft:play_time":25749,"minecraft:sneak_time":1063,"minecraft:walk_under_water_one_cm":1202,"minecraft:jump":264,"minecraft:climb_one_cm":152,"minecraft:walk_on_water_one_cm":6283,"minecraft:leave_game":1,"minecraft:time_since_death":25749,"minecraft:total_world_time":25749,"minecraft:fall_one_cm":4923},"minecraft:used":{"minecraft:cooked_mutton":1,"minecraft:stone_pickaxe":55,"minecraft:wooden_pickaxe":3,"minecraft:gravel":5,"minecraft:stone_axe":47,"minecraft:dirt":5,"minecraft:crafting_table":3,"minecraft:acacia_pressure_plate":2,"minecraft:furnace":1,"minecraft:cooked_beef":1,"minecraft:acacia_planks":3}},"DataVersion":3465}