{"stats":{"minecraft:crafted":{"minecraft:cooked_beef":10,"minecraft:oak_planks":32,"minecraft:stone_shovel":1,"minecraft:crafting_table":4,"minecraft:acacia_pressure_plate":1,"minecraft:wooden_pickaxe":2,"minecraft:furnace":2,"minecraft:stone_axe":2,"minecraft:cooked_mutton":1,"minecraft:air":0,"minecraft:oak_boat":2,"minecraft:stick":24,"minecraft:stone_pickaxe":2,"minecraft:wooden_axe":1,"minecraft:stone_sword":1,"minecraft:acacia_planks":92,"minecraft:stone_hoe":1},"minecraft:killed":{"minecraft:pig":5,"minecraft:sheep":10,"minecraft:zombie":1,"minecraft:chicken":1,"minecraft:drowned":2,"minecraft:cow":11},"minecraft:killed_by":{"minecraft:skeleton":1,"minecraft:drowned":2},"minecraft:dropped":{"minecraft:wheat_seeds":2},"minecraft:mined":{"minecraft:acacia_leaves":7,"minecraft:jungle_leaves":1,"minecraft:crafting_table":7,"minecraft:acacia_log":32,"minecraft:grass_block":11,"minecraft:melon":12,"minecraft:lectern":1,"minecraft:tall_grass":21,"minecraft:copper_ore":4,"minecraft:sugar_cane":6,"minecraft:acacia_pressure_plate":2,"minecraft:furnace":1,"minecraft:pumpkin":1,"minecraft:yellow_bed":1,"minecraft:grass":40,"minecraft:bookshelf":8,"minecraft:oak_log":24,"minecraft:coal_ore":17,"minecraft:cocoa":2,"minecraft:gravel":11,"minecraft:dirt":21,"minecraft:bamboo":1,"minecraft:acacia_planks":5,"minecraft:stone":63,"minecraft:oak_leaves":5,"minecraft:fern":2},"minecraft:picked_up":{"minecraft:cocoa_beans":6,"minecraft:crafting_table":7,"minecraft:feather":2,"minecraft:chicken":1,"minecraft:leather":9,"minecraft:acacia_pressure_plate":2,"minecraft:flint":3,"minecraft:oak_log":38,"minecraft:yellow_bed":1,"minecraft:dirt":32,"minecraft:raw_copper":12,"minecraft:cooked_mutton":10,"minecraft:acacia_planks":5,"minecraft:wheat_seeds":8,"minecraft:beef":26,"minecraft:lectern":1,"minecraft:bamboo":5,"minecraft:sugar_cane":10,"minecraft:melon_slice":57,"minecraft:acacia_sapling":1,"minecraft:furnace":1,"minecraft:book":24,"minecraft:stick":2,"minecraft:pumpkin":1,"minecraft:oak_fence":4,"minecraft:acacia_log":32,"minecraft:gravel":8,"minecraft:porkchop":7,"minecraft:rotten_flesh":1,"minecraft:stone_axe":1,"minecraft:gray_wool":2,"minecraft:oak_sapling":2,"minecraft:mutton":16,"minecraft:coal":17,"minecraft:white_wool":8,"minecraft:cobblestone":63},"minecraft:custom":{"minecraft:interact_with_furnace":9,"minecraft:mob_kills":30,"minecraft:interact_with_crafting_table":13,"minecraft:leave_game":4,"minecraft:time_since_death":15251,"minecraft:climb_one_cm":2614,"minecraft:time_since_rest":15306,"minecraft:sprint_one_cm":201370,"minecraft:damage_taken":1184,"minecraft:walk_one_cm":49507,"minecraft:drop":2,"minecraft:damage_dealt":3296,"minecraft:swim_one_cm":38178,"minecraft:fly_one_cm":253515,"minecraft:open_chest":3,"minecraft:crouch_one_cm":8033,"minecraft:play_time":61036,"minecraft:deaths":3,"minecraft:sneak_time":4059,"minecraft:walk_under_water_one_cm":2262,"minecraft:boat_one_cm":12094,"minecraft:jump":1177,"minecraft:walk_on_water_one_cm":16329,"minecraft:total_world_time":61036,"minecraft:fall_one_cm":27844},"minecraft:used":{"minecraft:cooked_mutton":5,"minecraft:stone_sword":9,"minecraft:stone_pickaxe":85,"minecraft:stone_shovel":15,"minecraft:wooden_pickaxe":9,"minecraft:dirt":28,"minecraft:crafting_table":7,"minecraft:wooden_axe":19,"minecraft:melon_slice":9,"minecraft:gravel":5,"minecraft:stone_axe":130,"minecraft:acacia_pressure_plate":2,"minecraft:furnace":1,"minecraft:oak_boat":1,"minecraft:cooked_beef":2,"minecraft:acacia_planks":6}},"DataVersion":3465}