{"stats":{"minecraft:crafted":{"minecraft:acacia_planks":48,"minecraft:crafting_table":1,"minecraft:stick":8,"minecraft:stone_pickaxe":1,"minecraft:wooden_pickaxe":1},"minecraft:mined":{"minecraft:grass":3,"minecraft:acacia_log":12,"minecraft:grass_block":2,"minecraft:acacia_leaves":7,"minecraft:dirt":3,"minecraft:tall_grass":7,"minecraft:stone":10},"minecraft:picked_up":{"minecraft:wheat_seeds":2,"minecraft:acacia_log":12,"minecraft:acacia_sapling":1,"minecraft:dirt":5,"minecraft:cobblestone":10},"minecraft:custom":{"minecraft:time_since_rest":13749,"minecraft:crouch_one_cm":118,"minecraft:sprint_one_cm":11800,"minecraft:play_time":13749,"minecraft:walk_one_cm":6291,"minecraft:sneak_time":217,"minecraft:jump":74,"minecraft:leave_game":1,"minecraft:time_since_death":13749,"minecraft:total_world_time":13749,"minecraft:interact_with_crafting_table":2,"minecraft:fall_one_cm":1463,"minecraft:fly_one_cm":16164},"minecraft:used":{"minecraft:dirt":5,"minecraft:crafting_table":1,"minecraft:stone_pickaxe":7,"minecraft:wooden_pickaxe":3}},"DataVersion":3465}