{"stats":{"minecraft:crafted":{"minecraft:cooked_beef":10,"minecraft:oak_planks":32,"minecraft:stone_shovel":1,"minecraft:crafting_table":5,"minecraft:acacia_pressure_plate":1,"minecraft:wooden_pickaxe":2,"minecraft:furnace":2,"minecraft:stone_axe":2,"minecraft:acacia_boat":1,"minecraft:cooked_mutton":1,"minecraft:air":0,"minecraft:oak_boat":2,"minecraft:stick":28,"minecraft:stone_pickaxe":2,"minecraft:wooden_axe":2,"minecraft:stone_sword":1,"minecraft:acacia_planks":136,"minecraft:stone_hoe":1},"minecraft:killed":{"minecraft:pig":5,"minecraft:sheep":13,"minecraft:zombie":1,"minecraft:chicken":1,"minecraft:drowned":2,"minecraft:cow":13},"minecraft:killed_by":{"minecraft:skeleton":2,"minecraft:iron_golem":1,"minecraft:drowned":2},"minecraft:dropped":{"minecraft:wheat_seeds":5},"minecraft:mined":{"minecraft:acacia_leaves":7,"minecraft:jungle_leaves":1,"minecraft:crafting_table":9,"minecraft:acacia_log":43,"minecraft:grass_block":11,"minecraft:melon":12,"minecraft:lectern":1,"minecraft:tall_grass":29,"minecraft:copper_ore":4,"minecraft:sugar_cane":6,"minecraft:acacia_pressure_plate":2,"minecraft:furnace":1,"minecraft:pumpkin":1,"minecraft:yellow_bed":1,"minecraft:grass":60,"minecraft:bookshelf":8,"minecraft:oak_log":32,"minecraft:coal_ore":17,"minecraft:cocoa":2,"minecraft:gravel":11,"minecraft:dirt":21,"minecraft:bamboo":1,"minecraft:acacia_planks":5,"minecraft:stone":63,"minecraft:white_wool":2,"minecraft:oak_leaves":5,"minecraft:fern":2},"minecraft:picked_up":{"minecraft:iron_chestplate":1,"minecraft:cocoa_beans":6,"minecraft:crafting_table":9,"minecraft:feather":2,"minecraft:chicken":1,"minecraft:leather":12,"minecraft:acacia_pressure_plate":2,"minecraft:flint":3,"minecraft:oak_log":46,"minecraft:yellow_bed":1,"minecraft:acacia_boat":1,"minecraft:dirt":40,"minecraft:raw_copper":66,"minecraft:cooked_salmon":16,"minecraft:cooked_mutton":10,"minecraft:acacia_planks":5,"minecraft:wheat_seeds":14,"minecraft:iron_ingot":4,"minecraft:beef":30,"minecraft:cooked_chicken":2,"minecraft:poppy":1,"minecraft:iron_nugget":19,"minecraft:lectern":1,"minecraft:bamboo":5,"minecraft:sugar_cane":10,"minecraft:melon_slice":57,"minecraft:acacia_sapling":1,"minecraft:egg":1,"minecraft:furnace":1,"minecraft:book":24,"minecraft:stick":3,"minecraft:smooth_basalt":1,"minecraft:pumpkin":1,"minecraft:oak_fence":4,"minecraft:acacia_log":43,"minecraft:gravel":8,"minecraft:porkchop":7,"minecraft:spider_eye":1,"minecraft:rotten_flesh":1,"minecraft:stone_axe":1,"minecraft:hay_block":12,"minecraft:gray_wool":2,"minecraft:oak_sapling":3,"minecraft:mutton":19,"minecraft:coal":35,"minecraft:white_wool":31,"minecraft:cobblestone":63},"minecraft:custom":{"minecraft:interact_with_furnace":9,"minecraft:mob_kills":36,"minecraft:interact_with_crafting_table":16,"minecraft:leave_game":5,"minecraft:time_since_death":3042,"minecraft:sleep_in_bed":1,"minecraft:climb_one_cm":2666,"minecraft:time_since_rest":3155,"minecraft:sprint_one_cm":289260,"minecraft:damage_taken":1719,"minecraft:walk_one_cm":58952,"minecraft:drop":5,"minecraft:damage_dealt":4780,"minecraft:swim_one_cm":41049,"minecraft:fly_one_cm":429186,"minecraft:open_chest":9,"minecraft:crouch_one_cm":10436,"minecraft:play_time":78945,"minecraft:deaths":5,"minecraft:sneak_time":5018,"minecraft:walk_under_water_one_cm":2421,"minecraft:boat_one_cm":41336,"minecraft:jump":1810,"minecraft:walk_on_water_one_cm":18308,"minecraft:total_world_time":78945,"minecraft:fall_one_cm":44427},"minecraft:used":{"minecraft:cooked_mutton":5,"minecraft:acacia_boat":1,"minecraft:stone_sword":9,"minecraft:stone_pickaxe":85,"minecraft:stone_shovel":15,"minecraft:wooden_pickaxe":9,"minecraft:white_wool":4,"minecraft:dirt":30,"minecraft:crafting_table":9,"minecraft:obsidian":7,"minecraft:oak_log":6,"minecraft:wooden_axe":46,"minecraft:melon_slice":9,"minecraft:gravel":5,"minecraft:stone_axe":146,"minecraft:beef":3,"minecraft:acacia_pressure_plate":2,"minecraft:furnace":1,"minecraft:yellow_bed":1,"minecraft:oak_boat":1,"minecraft:egg":1,"minecraft:cooked_beef":2,"minecraft:acacia_planks":6}},"DataVersion":3465}